2026-01-17 16:25:38 | INFO     | [cti_platform] | setup_logging:67 | Logging initialized. Audit trail: C:\Users\HP\Desktop\CTI-Platform\logs\cti_platform.log
2026-01-17 16:26:16 | INFO     | [cti_platform] | setup_logging:67 | Logging initialized. Audit trail: C:\Users\HP\Desktop\CTI-Platform\logs\cti_platform.log
2026-01-17 16:29:14 | INFO     | [cti_platform] | setup_logging:67 | Logging initialized. Audit trail: C:\Users\HP\Desktop\CTI-Platform\logs\cti_platform.log
2026-01-17 16:31:46 | INFO     | [cti_platform] | setup_logging:67 | Logging initialized. Audit trail: C:\Users\HP\Desktop\CTI-Platform\logs\cti_platform.log
2026-01-17 16:31:47 | INFO     | [cti_platform.backend.feeds.clearweb.base_feed] | __init__:33 | Initialized feed: ransomware_live
2026-01-17 16:31:47 | INFO     | [cti_platform.backend.feeds.clearweb.base_feed] | dry_run:92 | [DRY RUN] Fetching data from ransomware_live...
2026-01-17 16:31:47 | ERROR    | [cti_platform.backend.feeds.clearweb.base_feed] | dry_run:112 | [DRY RUN] ✗ ransomware_live failed: RansomwareLiveFeed.fetch() got an unexpected keyword argument 'last_run'
2026-01-17 16:31:47 | INFO     | [cti_platform.backend.feeds.clearweb.base_feed] | __init__:33 | Initialized feed: cisa_kev
2026-01-17 16:31:47 | INFO     | [cti_platform.backend.feeds.clearweb.base_feed] | dry_run:92 | [DRY RUN] Fetching data from cisa_kev...
2026-01-17 16:31:47 | INFO     | [cti_platform.backend.feeds.clearweb.cisa_kev] | fetch:42 | Successfully fetched KEV v2026.01.13 (1488 entries)
2026-01-17 16:31:47 | INFO     | [cti_platform.backend.feeds.clearweb.base_feed] | dry_run:105 | [DRY RUN] ✓ cisa_kev: Fetched 1488 items, validation passed
2026-01-17 16:31:47 | INFO     | [cti_platform.backend.feeds.clearweb.base_feed] | __init__:33 | Initialized feed: alienvault_otx
2026-01-17 16:31:47 | INFO     | [cti_platform.backend.feeds.clearweb.base_feed] | dry_run:92 | [DRY RUN] Fetching data from alienvault_otx...
2026-01-17 16:31:48 | ERROR    | [cti_platform.backend.core.http_client] | fetch:114 | Failed to fetch https://otx.alienvault.com/api/v1/pulses/public: 404 Client Error: Not Found for url: https://otx.alienvault.com/api/v1/pulses/public?modified_since=2026-01-16T16%3A31%3A47.858874&limit=100
2026-01-17 16:31:48 | ERROR    | [cti_platform.backend.feeds.clearweb.alienvault_otx] | fetch:59 | Incremental fetch failed: 404 Client Error: Not Found for url: https://otx.alienvault.com/api/v1/pulses/public?modified_since=2026-01-16T16%3A31%3A47.858874&limit=100
2026-01-17 16:31:48 | INFO     | [cti_platform.backend.feeds.clearweb.base_feed] | dry_run:105 | [DRY RUN] ✓ alienvault_otx: Fetched 0 items, validation passed
2026-01-17 16:31:48 | INFO     | [cti_platform.backend.feeds.clearweb.base_feed] | __init__:33 | Initialized feed: malpedia
2026-01-17 16:31:48 | INFO     | [cti_platform.backend.feeds.clearweb.base_feed] | dry_run:92 | [DRY RUN] Fetching data from malpedia...
2026-01-17 16:31:48 | ERROR    | [cti_platform.backend.feeds.clearweb.base_feed] | dry_run:112 | [DRY RUN] ✗ malpedia failed: MalpediaFeed.fetch() got an unexpected keyword argument 'last_run'
2026-01-17 17:16:55 | INFO     | [cti_platform] | setup_logging:67 | Logging initialized. Audit trail: C:\Users\HP\Desktop\CTI-Platform\logs\cti_platform.log
2026-01-17 17:16:55 | INFO     | [cti_platform.backend.feeds.clearweb.base_feed] | __init__:33 | Initialized feed: ransomware_live
2026-01-17 17:16:55 | INFO     | [cti_platform.backend.feeds.clearweb.base_feed] | dry_run:92 | [DRY RUN] Fetching data from ransomware_live...
2026-01-17 17:16:57 | INFO     | [cti_platform.backend.feeds.clearweb.ransomware_live] | fetch:57 | Fetched 312 groups entries
2026-01-17 17:16:59 | INFO     | [cti_platform.backend.feeds.clearweb.ransomware_live] | fetch:57 | Fetched 100 victims entries
2026-01-17 17:16:59 | INFO     | [cti_platform.backend.feeds.clearweb.base_feed] | dry_run:105 | [DRY RUN] ✓ ransomware_live: Fetched 412 items, validation passed
2026-01-17 17:16:59 | INFO     | [cti_platform.backend.feeds.clearweb.base_feed] | __init__:33 | Initialized feed: cisa_kev
2026-01-17 17:16:59 | INFO     | [cti_platform.backend.feeds.clearweb.base_feed] | dry_run:92 | [DRY RUN] Fetching data from cisa_kev...
2026-01-17 17:16:59 | INFO     | [cti_platform.backend.feeds.clearweb.cisa_kev] | fetch:45 | Successfully fetched KEV v2026.01.13 (1488 entries)
2026-01-17 17:16:59 | INFO     | [cti_platform.backend.feeds.clearweb.base_feed] | dry_run:105 | [DRY RUN] ✓ cisa_kev: Fetched 1488 items, validation passed
2026-01-17 17:16:59 | INFO     | [cti_platform.backend.feeds.clearweb.base_feed] | __init__:33 | Initialized feed: alienvault_otx
2026-01-17 17:16:59 | INFO     | [cti_platform.backend.feeds.clearweb.base_feed] | dry_run:92 | [DRY RUN] Fetching data from alienvault_otx...
2026-01-17 17:16:59 | ERROR    | [cti_platform.backend.core.http_client] | fetch:114 | Failed to fetch https://otx.alienvault.com/api/v1/pulses/public: 404 Client Error: Not Found for url: https://otx.alienvault.com/api/v1/pulses/public?modified_since=2026-01-16T17%3A16%3A59.570490&limit=100
2026-01-17 17:16:59 | ERROR    | [cti_platform.backend.feeds.clearweb.alienvault_otx] | fetch:59 | Incremental fetch failed: 404 Client Error: Not Found for url: https://otx.alienvault.com/api/v1/pulses/public?modified_since=2026-01-16T17%3A16%3A59.570490&limit=100
2026-01-17 17:16:59 | INFO     | [cti_platform.backend.feeds.clearweb.base_feed] | dry_run:105 | [DRY RUN] ✓ alienvault_otx: Fetched 0 items, validation passed
2026-01-17 17:16:59 | INFO     | [cti_platform.backend.feeds.clearweb.base_feed] | __init__:33 | Initialized feed: malpedia
2026-01-17 17:16:59 | INFO     | [cti_platform.backend.feeds.clearweb.base_feed] | dry_run:92 | [DRY RUN] Fetching data from malpedia...
2026-01-17 17:16:59 | INFO     | [cti_platform.backend.feeds.clearweb.malpedia] | fetch:43 | Initiating bulk fetch from Malpedia (MISP Galaxy format)...
2026-01-17 17:16:59 | WARNING  | [cti_platform.backend.core.http_client] | fetch:89 | Malpedia access attempted without credentials. Skipping...
2026-01-17 17:16:59 | ERROR    | [cti_platform.backend.feeds.clearweb.malpedia] | fetch:70 | Malpedia feed failed: 401 Client Error: None for url: None
2026-01-17 17:16:59 | ERROR    | [cti_platform.backend.feeds.clearweb.base_feed] | dry_run:112 | [DRY RUN] ✗ malpedia failed: 401 Client Error: None for url: None
2026-01-17 17:19:07 | INFO     | [cti_platform] | setup_logging:67 | Logging initialized. Audit trail: C:\Users\HP\Desktop\CTI-Platform\logs\cti_platform.log
2026-01-17 17:19:08 | INFO     | [cti_platform.backend.feeds.clearweb.base_feed] | __init__:33 | Initialized feed: ransomware_live
2026-01-17 17:19:08 | INFO     | [cti_platform.backend.feeds.clearweb.base_feed] | dry_run:92 | [DRY RUN] Fetching data from ransomware_live...
2026-01-17 17:19:09 | INFO     | [cti_platform.backend.feeds.clearweb.ransomware_live] | fetch:57 | Fetched 312 groups entries
2026-01-17 17:19:11 | INFO     | [cti_platform.backend.feeds.clearweb.ransomware_live] | fetch:57 | Fetched 100 victims entries
2026-01-17 17:19:11 | INFO     | [cti_platform.backend.feeds.clearweb.base_feed] | dry_run:105 | [DRY RUN] ✓ ransomware_live: Fetched 412 items, validation passed
2026-01-17 17:19:11 | INFO     | [cti_platform.backend.feeds.clearweb.base_feed] | __init__:33 | Initialized feed: cisa_kev
2026-01-17 17:19:11 | INFO     | [cti_platform.backend.feeds.clearweb.base_feed] | dry_run:92 | [DRY RUN] Fetching data from cisa_kev...
2026-01-17 17:19:11 | INFO     | [cti_platform.backend.feeds.clearweb.cisa_kev] | fetch:45 | Successfully fetched KEV v2026.01.13 (1488 entries)
2026-01-17 17:19:11 | INFO     | [cti_platform.backend.feeds.clearweb.base_feed] | dry_run:105 | [DRY RUN] ✓ cisa_kev: Fetched 1488 items, validation passed
2026-01-17 17:19:11 | INFO     | [cti_platform.backend.feeds.clearweb.base_feed] | __init__:33 | Initialized feed: alienvault_otx
2026-01-17 17:19:11 | INFO     | [cti_platform.backend.feeds.clearweb.base_feed] | dry_run:92 | [DRY RUN] Fetching data from alienvault_otx...
2026-01-17 17:19:11 | ERROR    | [cti_platform.backend.core.http_client] | fetch:106 | Failed to fetch https://otx.alienvault.com/api/v1/pulses/public: 404 Client Error: Not Found for url: https://otx.alienvault.com/api/v1/pulses/public?modified_since=2026-01-16T17%3A19%3A11.383530&limit=100
2026-01-17 17:19:11 | ERROR    | [cti_platform.backend.feeds.clearweb.alienvault_otx] | fetch:59 | Incremental fetch failed: 404 Client Error: Not Found for url: https://otx.alienvault.com/api/v1/pulses/public?modified_since=2026-01-16T17%3A19%3A11.383530&limit=100
2026-01-17 17:19:11 | INFO     | [cti_platform.backend.feeds.clearweb.base_feed] | dry_run:105 | [DRY RUN] ✓ alienvault_otx: Fetched 0 items, validation passed
2026-01-17 17:19:11 | INFO     | [cti_platform.backend.feeds.clearweb.base_feed] | __init__:33 | Initialized feed: malpedia
2026-01-17 17:19:11 | INFO     | [cti_platform.backend.feeds.clearweb.base_feed] | dry_run:92 | [DRY RUN] Fetching data from malpedia...
2026-01-17 17:19:11 | INFO     | [cti_platform.backend.feeds.clearweb.malpedia] | fetch:43 | Initiating bulk fetch from Malpedia (MISP Galaxy format)...
2026-01-17 17:19:14 | INFO     | [cti_platform.backend.feeds.clearweb.malpedia] | fetch:74 | Successfully scraped 3637 malware families.
2026-01-17 17:19:14 | INFO     | [cti_platform.backend.feeds.clearweb.base_feed] | dry_run:105 | [DRY RUN] ✓ malpedia: Fetched 3637 items, validation passed
2026-01-19 11:20:22 | INFO     | [cti_platform] | setup_logging:67 | Logging initialized. Audit trail: C:\Users\HP\Desktop\CTI-Platform\logs\cti_platform.log
2026-01-19 11:20:22 | INFO     | [cti_platform.backend.feeds.clearweb.base_feed] | __init__:33 | Initialized feed: ransomware_live
2026-01-19 11:20:22 | INFO     | [cti_platform.backend.feeds.clearweb.base_feed] | dry_run:92 | [DRY RUN] Fetching data from ransomware_live...
2026-01-19 11:20:24 | INFO     | [cti_platform.backend.feeds.clearweb.ransomware_live] | fetch:57 | Fetched 312 groups entries
2026-01-19 11:20:26 | INFO     | [cti_platform.backend.feeds.clearweb.ransomware_live] | fetch:57 | Fetched 100 victims entries
2026-01-19 11:20:26 | INFO     | [cti_platform.backend.feeds.clearweb.base_feed] | dry_run:105 | [DRY RUN] ✓ ransomware_live: Fetched 412 items, validation passed
2026-01-19 11:20:26 | INFO     | [cti_platform.backend.feeds.clearweb.base_feed] | __init__:33 | Initialized feed: cisa_kev
2026-01-19 11:20:26 | INFO     | [cti_platform.backend.feeds.clearweb.base_feed] | dry_run:92 | [DRY RUN] Fetching data from cisa_kev...
2026-01-19 11:20:27 | INFO     | [cti_platform.backend.feeds.clearweb.cisa_kev] | fetch:45 | Successfully fetched KEV v2026.01.13 (1488 entries)
2026-01-19 11:20:27 | INFO     | [cti_platform.backend.feeds.clearweb.base_feed] | dry_run:105 | [DRY RUN] ✓ cisa_kev: Fetched 1488 items, validation passed
2026-01-19 11:20:27 | INFO     | [cti_platform.backend.feeds.clearweb.base_feed] | __init__:33 | Initialized feed: alienvault_otx
2026-01-19 11:20:27 | INFO     | [cti_platform.backend.feeds.clearweb.base_feed] | dry_run:92 | [DRY RUN] Fetching data from alienvault_otx...
2026-01-19 11:20:27 | ERROR    | [cti_platform.backend.core.http_client] | fetch:106 | Failed to fetch https://otx.alienvault.com/api/v1/pulses/public: 404 Client Error: Not Found for url: https://otx.alienvault.com/api/v1/pulses/public?modified_since=2026-01-18T11%3A20%3A27.076262&limit=100
2026-01-19 11:20:27 | ERROR    | [cti_platform.backend.feeds.clearweb.alienvault_otx] | fetch:59 | Incremental fetch failed: 404 Client Error: Not Found for url: https://otx.alienvault.com/api/v1/pulses/public?modified_since=2026-01-18T11%3A20%3A27.076262&limit=100
2026-01-19 11:20:27 | INFO     | [cti_platform.backend.feeds.clearweb.base_feed] | dry_run:105 | [DRY RUN] ✓ alienvault_otx: Fetched 0 items, validation passed
2026-01-19 11:20:27 | INFO     | [cti_platform.backend.feeds.clearweb.base_feed] | __init__:33 | Initialized feed: malpedia
2026-01-19 11:20:27 | INFO     | [cti_platform.backend.feeds.clearweb.base_feed] | dry_run:92 | [DRY RUN] Fetching data from malpedia...
2026-01-19 11:20:27 | INFO     | [cti_platform.backend.feeds.clearweb.malpedia] | fetch:43 | Initiating bulk fetch from Malpedia (MISP Galaxy format)...
2026-01-19 11:20:30 | INFO     | [cti_platform.backend.feeds.clearweb.malpedia] | fetch:74 | Successfully scraped 3637 malware families.
2026-01-19 11:20:30 | INFO     | [cti_platform.backend.feeds.clearweb.base_feed] | dry_run:105 | [DRY RUN] ✓ malpedia: Fetched 3637 items, validation passed
2026-01-19 12:05:07 | INFO     | [cti_platform] | setup_logging:67 | Logging initialized. Audit trail: C:\Users\HP\Desktop\CTI-Platform\logs\cti_platform.log
2026-01-19 12:05:08 | INFO     | [cti_platform.backend.feeds.clearweb.base_feed] | __init__:36 | Initialized feed: ransomware_live (Incremental: True)
2026-01-19 12:05:08 | INFO     | [cti_platform.backend.feeds.clearweb.base_feed] | dry_run:93 | [DRY RUN] Fetching (full) data from ransomware_live...
2026-01-19 12:05:09 | INFO     | [cti_platform.backend.feeds.clearweb.ransomware_live] | fetch:57 | Fetched 312 groups entries
2026-01-19 12:05:12 | INFO     | [cti_platform.backend.feeds.clearweb.ransomware_live] | fetch:57 | Fetched 100 victims entries
2026-01-19 12:05:12 | INFO     | [cti_platform.backend.feeds.clearweb.base_feed] | dry_run:106 | [DRY RUN] ✓ ransomware_live: Fetched 412 items
2026-01-19 12:05:12 | INFO     | [cti_platform.backend.feeds.clearweb.base_feed] | __init__:36 | Initialized feed: cisa_kev (Incremental: True)
2026-01-19 12:05:12 | INFO     | [cti_platform.backend.feeds.clearweb.base_feed] | dry_run:93 | [DRY RUN] Fetching (full) data from cisa_kev...
2026-01-19 12:05:12 | INFO     | [cti_platform.backend.feeds.clearweb.cisa_kev] | fetch:45 | Successfully fetched KEV v2026.01.13 (1488 entries)
2026-01-19 12:05:12 | INFO     | [cti_platform.backend.feeds.clearweb.base_feed] | dry_run:106 | [DRY RUN] ✓ cisa_kev: Fetched 1488 items
2026-01-19 12:05:12 | INFO     | [cti_platform.backend.feeds.clearweb.base_feed] | __init__:36 | Initialized feed: alienvault_otx (Incremental: True)
2026-01-19 12:05:12 | INFO     | [cti_platform.backend.feeds.clearweb.base_feed] | dry_run:93 | [DRY RUN] Fetching (full) data from alienvault_otx...
2026-01-19 12:05:12 | ERROR    | [cti_platform.backend.core.http_client] | fetch:95 | HTTP 404 Error | URL: https://otx.alienvault.com/api/v1/pulses/public | Params: {'modified_since': '2026-01-18T12:05:12.373028', 'limit': 100}
2026-01-19 12:05:12 | ERROR    | [cti_platform.backend.core.http_client] | fetch:102 | Request Failed: https://otx.alienvault.com/api/v1/pulses/public | Status: 404 | Params: {'modified_since': '2026-01-18T12:05:12.373028', 'limit': 100}
2026-01-19 12:05:12 | ERROR    | [cti_platform.backend.feeds.clearweb.alienvault_otx] | fetch:59 | Incremental fetch failed: 404 Client Error: Not Found for url: https://otx.alienvault.com/api/v1/pulses/public?modified_since=2026-01-18T12%3A05%3A12.373028&limit=100
2026-01-19 12:05:12 | INFO     | [cti_platform.backend.feeds.clearweb.base_feed] | dry_run:106 | [DRY RUN] ✓ alienvault_otx: Fetched 0 items
2026-01-19 12:05:12 | INFO     | [cti_platform.backend.feeds.clearweb.base_feed] | __init__:36 | Initialized feed: malpedia (Incremental: True)
2026-01-19 12:05:12 | INFO     | [cti_platform.backend.feeds.clearweb.base_feed] | dry_run:93 | [DRY RUN] Fetching (full) data from malpedia...
2026-01-19 12:05:12 | INFO     | [cti_platform.backend.feeds.clearweb.malpedia] | fetch:43 | Initiating bulk fetch from Malpedia (MISP Galaxy format)...
2026-01-19 12:05:14 | INFO     | [cti_platform.backend.feeds.clearweb.malpedia] | fetch:74 | Successfully scraped 3637 malware families.
2026-01-19 12:05:14 | INFO     | [cti_platform.backend.feeds.clearweb.base_feed] | dry_run:106 | [DRY RUN] ✓ malpedia: Fetched 3637 items
2026-01-19 12:07:21 | INFO     | [cti_platform] | setup_logging:67 | Logging initialized. Audit trail: C:\Users\HP\Desktop\CTI-Platform\logs\cti_platform.log
2026-01-19 12:07:24 | INFO     | [cti_platform.backend.feeds.clearweb.base_feed] | __init__:36 | Initialized feed: ransomware_live (Incremental: True)
2026-01-19 12:07:24 | INFO     | [cti_platform.backend.feeds.clearweb.base_feed] | __init__:36 | Initialized feed: cisa_kev (Incremental: True)
2026-01-19 12:07:24 | INFO     | [cti_platform.backend.feeds.clearweb.base_feed] | __init__:36 | Initialized feed: alienvault_otx (Incremental: True)
2026-01-19 12:07:24 | INFO     | [cti_platform.backend.feeds.clearweb.base_feed] | dry_run:93 | [DRY RUN] Fetching (full) data from ransomware_live...
2026-01-19 12:07:24 | INFO     | [cti_platform.backend.feeds.clearweb.base_feed] | dry_run:93 | [DRY RUN] Fetching (full) data from cisa_kev...
2026-01-19 12:07:24 | INFO     | [cti_platform.backend.feeds.clearweb.base_feed] | dry_run:93 | [DRY RUN] Fetching (full) data from alienvault_otx...
2026-01-19 12:07:24 | INFO     | [cti_platform.backend.feeds.clearweb.base_feed] | __init__:36 | Initialized feed: malpedia (Incremental: True)
2026-01-19 12:07:24 | INFO     | [cti_platform.backend.feeds.clearweb.base_feed] | dry_run:93 | [DRY RUN] Fetching (full) data from malpedia...
2026-01-19 12:07:24 | INFO     | [cti_platform.backend.feeds.clearweb.malpedia] | fetch:43 | Initiating bulk fetch from Malpedia (MISP Galaxy format)...
2026-01-19 12:07:24 | INFO     | [cti_platform.backend.feeds.clearweb.cisa_kev] | fetch:45 | Successfully fetched KEV v2026.01.13 (1488 entries)
2026-01-19 12:07:24 | INFO     | [cti_platform.backend.feeds.clearweb.base_feed] | dry_run:106 | [DRY RUN] ✓ cisa_kev: Fetched 1488 items
2026-01-19 12:07:24 | ERROR    | [cti_platform.backend.core.http_client] | fetch:95 | HTTP 404 Error | URL: https://otx.alienvault.com/api/v1/pulses/public | Params: {'modified_since': '2026-01-18T12:07:24.068743', 'limit': 100}
2026-01-19 12:07:24 | ERROR    | [cti_platform.backend.core.http_client] | fetch:102 | Request Failed: https://otx.alienvault.com/api/v1/pulses/public | Status: 404 | Params: {'modified_since': '2026-01-18T12:07:24.068743', 'limit': 100}
2026-01-19 12:07:24 | ERROR    | [cti_platform.backend.feeds.clearweb.alienvault_otx] | fetch:59 | Incremental fetch failed: 404 Client Error: Not Found for url: https://otx.alienvault.com/api/v1/pulses/public?modified_since=2026-01-18T12%3A07%3A24.068743&limit=100
2026-01-19 12:07:24 | INFO     | [cti_platform.backend.feeds.clearweb.base_feed] | dry_run:106 | [DRY RUN] ✓ alienvault_otx: Fetched 0 items
2026-01-19 12:07:25 | INFO     | [cti_platform.backend.feeds.clearweb.ransomware_live] | fetch:57 | Fetched 312 groups entries
2026-01-19 12:07:25 | INFO     | [cti_platform.backend.feeds.clearweb.malpedia] | fetch:74 | Successfully scraped 3637 malware families.
2026-01-19 12:07:25 | INFO     | [cti_platform.backend.feeds.clearweb.base_feed] | dry_run:106 | [DRY RUN] ✓ malpedia: Fetched 3637 items
2026-01-19 12:07:27 | INFO     | [cti_platform.backend.feeds.clearweb.ransomware_live] | fetch:57 | Fetched 100 victims entries
2026-01-19 12:07:27 | INFO     | [cti_platform.backend.feeds.clearweb.base_feed] | dry_run:106 | [DRY RUN] ✓ ransomware_live: Fetched 412 items
2026-01-19 12:34:40 | INFO     | [cti_platform] | setup_logging:67 | Logging initialized. Audit trail: C:\Users\HP\Desktop\CTI-Platform\logs\cti_platform.log
2026-01-19 12:34:40 | INFO     | [cti_platform.backend.feeds.clearweb.base_feed] | __init__:36 | Initialized feed: cisa_kev (Incremental: True)
2026-01-19 12:34:40 | INFO     | [cti_platform.backend.feeds.clearweb.base_feed] | __init__:36 | Initialized feed: ransomware_live (Incremental: True)
2026-01-19 12:34:40 | INFO     | [cti_platform.backend.feeds.clearweb.base_feed] | dry_run:93 | [DRY RUN] Fetching (full) data from cisa_kev...
2026-01-19 12:34:40 | INFO     | [cti_platform.backend.feeds.clearweb.base_feed] | __init__:36 | Initialized feed: alienvault_otx (Incremental: True)
2026-01-19 12:34:40 | INFO     | [cti_platform.backend.feeds.clearweb.base_feed] | dry_run:93 | [DRY RUN] Fetching (full) data from ransomware_live...
2026-01-19 12:34:40 | INFO     | [cti_platform.backend.feeds.clearweb.base_feed] | dry_run:93 | [DRY RUN] Fetching (full) data from alienvault_otx...
2026-01-19 12:34:40 | INFO     | [cti_platform.backend.feeds.clearweb.base_feed] | __init__:36 | Initialized feed: malpedia (Incremental: True)
2026-01-19 12:34:40 | INFO     | [cti_platform.backend.feeds.clearweb.base_feed] | dry_run:93 | [DRY RUN] Fetching (full) data from malpedia...
2026-01-19 12:34:40 | INFO     | [cti_platform.backend.feeds.clearweb.malpedia] | fetch:43 | Initiating bulk fetch from Malpedia (MISP Galaxy format)...
2026-01-19 12:34:41 | INFO     | [cti_platform.backend.feeds.clearweb.cisa_kev] | fetch:45 | Successfully fetched KEV v2026.01.13 (1488 entries)
2026-01-19 12:34:41 | INFO     | [cti_platform.backend.feeds.clearweb.base_feed] | dry_run:106 | [DRY RUN] ✓ cisa_kev: Fetched 1488 items
2026-01-19 12:34:41 | ERROR    | [cti_platform.backend.core.http_client] | fetch:95 | HTTP 404 Error | URL: https://otx.alienvault.com/api/v1/pulses/public | Params: {'modified_since': '2026-01-18T12:34:40.964061', 'limit': 100}
2026-01-19 12:34:41 | ERROR    | [cti_platform.backend.core.http_client] | fetch:102 | Request Failed: https://otx.alienvault.com/api/v1/pulses/public | Status: 404 | Params: {'modified_since': '2026-01-18T12:34:40.964061', 'limit': 100}
2026-01-19 12:34:41 | ERROR    | [cti_platform.backend.feeds.clearweb.alienvault_otx] | fetch:59 | Incremental fetch failed: 404 Client Error: Not Found for url: https://otx.alienvault.com/api/v1/pulses/public?modified_since=2026-01-18T12%3A34%3A40.964061&limit=100
2026-01-19 12:34:41 | INFO     | [cti_platform.backend.feeds.clearweb.base_feed] | dry_run:106 | [DRY RUN] ✓ alienvault_otx: Fetched 0 items
2026-01-19 12:34:42 | INFO     | [cti_platform.backend.feeds.clearweb.ransomware_live] | fetch:57 | Fetched 312 groups entries
2026-01-19 12:34:42 | INFO     | [cti_platform.backend.feeds.clearweb.malpedia] | fetch:74 | Successfully scraped 3637 malware families.
2026-01-19 12:34:42 | INFO     | [cti_platform.backend.feeds.clearweb.base_feed] | dry_run:106 | [DRY RUN] ✓ malpedia: Fetched 3637 items
2026-01-19 12:34:44 | INFO     | [cti_platform.backend.feeds.clearweb.ransomware_live] | fetch:57 | Fetched 100 victims entries
2026-01-19 12:34:44 | INFO     | [cti_platform.backend.feeds.clearweb.base_feed] | dry_run:106 | [DRY RUN] ✓ ransomware_live: Fetched 412 items
2026-01-19 12:43:09 | INFO     | [cti_platform] | setup_logging:67 | Logging initialized. Audit trail: C:\Users\HP\Desktop\CTI-Platform\logs\cti_platform.log
2026-01-19 12:43:40 | INFO     | [cti_platform] | setup_logging:67 | Logging initialized. Audit trail: C:\Users\HP\Desktop\CTI-Platform\logs\cti_platform.log
2026-01-19 12:43:41 | INFO     | [cti_platform.backend.feeds.clearweb.base_feed] | __init__:36 | Initialized feed: cisa_kev (Incremental: True)
2026-01-19 12:43:41 | INFO     | [cti_platform.backend.feeds.clearweb.base_feed] | __init__:36 | Initialized feed: ransomware_live (Incremental: True)
2026-01-19 12:43:41 | INFO     | [cti_platform.backend.feeds.clearweb.base_feed] | __init__:36 | Initialized feed: malpedia (Incremental: True)
2026-01-19 12:43:41 | INFO     | [cti_platform.backend.feeds.clearweb.base_feed] | __init__:36 | Initialized feed: alienvault_otx (Incremental: True)
2026-01-19 12:43:41 | INFO     | [cti_platform.backend.feeds.clearweb.base_feed] | dry_run:93 | [DRY RUN] Fetching (full) data from cisa_kev...
2026-01-19 12:43:41 | INFO     | [cti_platform.backend.feeds.clearweb.base_feed] | dry_run:93 | [DRY RUN] Fetching (full) data from ransomware_live...
2026-01-19 12:43:41 | INFO     | [cti_platform.backend.feeds.clearweb.base_feed] | dry_run:93 | [DRY RUN] Fetching (full) data from malpedia...
2026-01-19 12:43:41 | WARNING  | [cti_platform.backend.feeds.clearweb.alienvault_otx] | __init__:34 | AlienVault OTX initialized WITHOUT API Key (Public Mode).
2026-01-19 12:43:41 | INFO     | [cti_platform.backend.feeds.clearweb.malpedia] | fetch:43 | Initiating bulk fetch from Malpedia (MISP Galaxy format)...
2026-01-19 12:43:41 | INFO     | [cti_platform.backend.feeds.clearweb.base_feed] | dry_run:93 | [DRY RUN] Fetching (full) data from alienvault_otx...
2026-01-19 12:43:41 | INFO     | [cti_platform.backend.feeds.clearweb.alienvault_otx] | fetch:56 | Performing FULL fetch for OTX (Incremental Disabled).
2026-01-19 12:43:41 | INFO     | [cti_platform.backend.feeds.clearweb.cisa_kev] | fetch:45 | Successfully fetched KEV v2026.01.13 (1488 entries)
2026-01-19 12:43:41 | INFO     | [cti_platform.backend.feeds.clearweb.base_feed] | dry_run:106 | [DRY RUN] ✓ cisa_kev: Fetched 1488 items
2026-01-19 12:43:42 | ERROR    | [cti_platform.backend.core.http_client] | fetch:95 | HTTP 404 Error | URL: https://otx.alienvault.com/api/v1/pulses/public | Params: {'limit': 50, 'page': 1}
2026-01-19 12:43:42 | ERROR    | [cti_platform.backend.core.http_client] | fetch:102 | Request Failed: https://otx.alienvault.com/api/v1/pulses/public | Status: 404 | Params: {'limit': 50, 'page': 1}
2026-01-19 12:43:42 | ERROR    | [cti_platform.backend.feeds.clearweb.alienvault_otx] | fetch:67 | OTX fetch failed: 404 Client Error: Not Found for url: https://otx.alienvault.com/api/v1/pulses/public?limit=50&page=1
2026-01-19 12:43:42 | INFO     | [cti_platform.backend.feeds.clearweb.base_feed] | dry_run:106 | [DRY RUN] ✓ alienvault_otx: Fetched 0 items
2026-01-19 12:43:43 | INFO     | [cti_platform.backend.feeds.clearweb.malpedia] | fetch:74 | Successfully scraped 3637 malware families.
2026-01-19 12:43:43 | INFO     | [cti_platform.backend.feeds.clearweb.base_feed] | dry_run:106 | [DRY RUN] ✓ malpedia: Fetched 3637 items
2026-01-19 12:43:43 | INFO     | [cti_platform.backend.feeds.clearweb.ransomware_live] | fetch:57 | Fetched 312 groups entries
2026-01-19 12:43:45 | INFO     | [cti_platform.backend.feeds.clearweb.ransomware_live] | fetch:57 | Fetched 100 victims entries
2026-01-19 12:43:45 | INFO     | [cti_platform.backend.feeds.clearweb.base_feed] | dry_run:106 | [DRY RUN] ✓ ransomware_live: Fetched 412 items
2026-01-19 17:12:28 | INFO     | [cti_platform] | setup_logging:67 | Logging initialized. Audit trail: C:\Users\HP\Desktop\CTI-Platform\logs\cti_platform.log
2026-01-19 17:13:17 | INFO     | [cti_platform] | setup_logging:67 | Logging initialized. Audit trail: C:\Users\HP\Desktop\CTI-Platform\logs\cti_platform.log
2026-01-19 17:14:23 | INFO     | [cti_platform] | setup_logging:67 | Logging initialized. Audit trail: C:\Users\HP\Desktop\CTI-Platform\logs\cti_platform.log
2026-01-19 17:14:24 | INFO     | [cti_platform.backend.feeds.clearweb.base_feed] | __init__:36 | Initialized feed: cisa_kev (Incremental: True)
2026-01-19 17:14:24 | INFO     | [cti_platform.backend.feeds.clearweb.base_feed] | __init__:36 | Initialized feed: ransomware_live (Incremental: True)
2026-01-19 17:14:24 | INFO     | [cti_platform.backend.feeds.clearweb.base_feed] | __init__:36 | Initialized feed: alienvault_otx (Incremental: True)
2026-01-19 17:14:24 | INFO     | [cti_platform.backend.feeds.clearweb.base_feed] | __init__:36 | Initialized feed: malpedia (Incremental: True)
2026-01-19 17:14:24 | INFO     | [cti_platform.backend.feeds.clearweb.base_feed] | dry_run:93 | [DRY RUN] Fetching (full) data from cisa_kev...
2026-01-19 17:14:24 | INFO     | [cti_platform.backend.feeds.clearweb.base_feed] | dry_run:93 | [DRY RUN] Fetching (full) data from ransomware_live...
2026-01-19 17:14:24 | WARNING  | [cti_platform.backend.feeds.clearweb.alienvault_otx] | __init__:34 | AlienVault OTX initialized WITHOUT API Key (Public Mode).
2026-01-19 17:14:24 | INFO     | [cti_platform.backend.feeds.clearweb.base_feed] | dry_run:93 | [DRY RUN] Fetching (full) data from malpedia...
2026-01-19 17:14:24 | INFO     | [cti_platform.backend.feeds.clearweb.base_feed] | dry_run:93 | [DRY RUN] Fetching (full) data from alienvault_otx...
2026-01-19 17:14:24 | INFO     | [cti_platform.backend.feeds.clearweb.malpedia] | fetch:43 | Initiating bulk fetch from Malpedia (MISP Galaxy format)...
2026-01-19 17:14:24 | INFO     | [cti_platform.backend.feeds.clearweb.alienvault_otx] | fetch:56 | Performing FULL fetch for OTX (Incremental Disabled).
2026-01-19 17:14:25 | ERROR    | [cti_platform.backend.core.http_client] | fetch:95 | HTTP 404 Error | URL: https://otx.alienvault.com/api/v1/pulses/public | Params: {'limit': 50, 'page': 1}
2026-01-19 17:14:25 | ERROR    | [cti_platform.backend.core.http_client] | fetch:102 | Request Failed: https://otx.alienvault.com/api/v1/pulses/public | Status: 404 | Params: {'limit': 50, 'page': 1}
2026-01-19 17:14:25 | ERROR    | [cti_platform.backend.feeds.clearweb.alienvault_otx] | fetch:67 | OTX fetch failed: 404 Client Error: Not Found for url: https://otx.alienvault.com/api/v1/pulses/public?limit=50&page=1
2026-01-19 17:14:25 | INFO     | [cti_platform.backend.feeds.clearweb.base_feed] | dry_run:106 | [DRY RUN] ✓ alienvault_otx: Fetched 0 items
2026-01-19 17:14:25 | INFO     | [cti_platform.backend.feeds.clearweb.cisa_kev] | fetch:45 | Successfully fetched KEV v2026.01.13 (1488 entries)
2026-01-19 17:14:25 | INFO     | [cti_platform.backend.feeds.clearweb.base_feed] | dry_run:106 | [DRY RUN] ✓ cisa_kev: Fetched 1488 items
2026-01-19 17:14:26 | INFO     | [cti_platform.backend.feeds.clearweb.ransomware_live] | fetch:57 | Fetched 312 groups entries
2026-01-19 17:14:27 | INFO     | [cti_platform.backend.feeds.clearweb.ransomware_live] | fetch:57 | Fetched 100 victims entries
2026-01-19 17:14:27 | INFO     | [cti_platform.backend.feeds.clearweb.base_feed] | dry_run:106 | [DRY RUN] ✓ ransomware_live: Fetched 412 items
2026-01-19 17:14:28 | INFO     | [cti_platform.backend.feeds.clearweb.malpedia] | fetch:74 | Successfully scraped 3640 malware families.
2026-01-19 17:14:28 | INFO     | [cti_platform.backend.feeds.clearweb.base_feed] | dry_run:106 | [DRY RUN] ✓ malpedia: Fetched 3640 items
2026-01-19 17:16:26 | INFO     | [cti_platform] | setup_logging:67 | Logging initialized. Audit trail: C:\Users\HP\Desktop\CTI-Platform\logs\cti_platform.log
2026-01-19 17:16:27 | INFO     | [cti_platform.backend.feeds.clearweb.base_feed] | __init__:36 | Initialized feed: cisa_kev (Incremental: True)
2026-01-19 17:16:27 | INFO     | [cti_platform.backend.feeds.clearweb.base_feed] | __init__:36 | Initialized feed: alienvault_otx (Incremental: True)
2026-01-19 17:16:27 | INFO     | [cti_platform.backend.feeds.clearweb.base_feed] | __init__:36 | Initialized feed: malpedia (Incremental: True)
2026-01-19 17:16:27 | INFO     | [cti_platform.backend.feeds.clearweb.base_feed] | dry_run:93 | [DRY RUN] Fetching (full) data from cisa_kev...
2026-01-19 17:16:27 | INFO     | [cti_platform.backend.feeds.clearweb.base_feed] | __init__:36 | Initialized feed: ransomware_live (Incremental: True)
2026-01-19 17:16:27 | WARNING  | [cti_platform.backend.feeds.clearweb.alienvault_otx] | __init__:34 | AlienVault OTX initialized WITHOUT API Key (Public Mode).
2026-01-19 17:16:27 | INFO     | [cti_platform.backend.feeds.clearweb.base_feed] | dry_run:93 | [DRY RUN] Fetching (full) data from malpedia...
2026-01-19 17:16:27 | INFO     | [cti_platform.backend.feeds.clearweb.base_feed] | dry_run:93 | [DRY RUN] Fetching (full) data from ransomware_live...
2026-01-19 17:16:27 | INFO     | [cti_platform.backend.feeds.clearweb.base_feed] | dry_run:93 | [DRY RUN] Fetching (full) data from alienvault_otx...
2026-01-19 17:16:27 | INFO     | [cti_platform.backend.feeds.clearweb.malpedia] | fetch:43 | Initiating bulk fetch from Malpedia (MISP Galaxy format)...
2026-01-19 17:16:27 | INFO     | [cti_platform.backend.feeds.clearweb.alienvault_otx] | fetch:56 | Performing FULL fetch for OTX (Incremental Disabled).
2026-01-19 17:16:27 | ERROR    | [cti_platform.backend.core.http_client] | fetch:95 | HTTP 404 Error | URL: https://otx.alienvault.com/api/v1/pulses/public | Params: {'limit': 50, 'page': 1}
2026-01-19 17:16:27 | ERROR    | [cti_platform.backend.core.http_client] | fetch:102 | Request Failed: https://otx.alienvault.com/api/v1/pulses/public | Status: 404 | Params: {'limit': 50, 'page': 1}
2026-01-19 17:16:27 | ERROR    | [cti_platform.backend.feeds.clearweb.alienvault_otx] | fetch:67 | OTX fetch failed: 404 Client Error: Not Found for url: https://otx.alienvault.com/api/v1/pulses/public?limit=50&page=1
2026-01-19 17:16:27 | INFO     | [cti_platform.backend.feeds.clearweb.base_feed] | dry_run:106 | [DRY RUN] ✓ alienvault_otx: Fetched 0 items
2026-01-19 17:16:27 | INFO     | [cti_platform.backend.feeds.clearweb.cisa_kev] | fetch:45 | Successfully fetched KEV v2026.01.13 (1488 entries)
2026-01-19 17:16:27 | INFO     | [cti_platform.backend.feeds.clearweb.base_feed] | dry_run:106 | [DRY RUN] ✓ cisa_kev: Fetched 1488 items
2026-01-19 17:16:28 | INFO     | [cti_platform.backend.feeds.clearweb.ransomware_live] | fetch:57 | Fetched 312 groups entries
2026-01-19 17:16:28 | INFO     | [cti_platform.backend.feeds.clearweb.malpedia] | fetch:74 | Successfully scraped 3640 malware families.
2026-01-19 17:16:28 | INFO     | [cti_platform.backend.feeds.clearweb.base_feed] | dry_run:106 | [DRY RUN] ✓ malpedia: Fetched 3640 items
2026-01-19 17:16:30 | INFO     | [cti_platform.backend.feeds.clearweb.ransomware_live] | fetch:57 | Fetched 100 victims entries
2026-01-19 17:16:30 | INFO     | [cti_platform.backend.feeds.clearweb.base_feed] | dry_run:106 | [DRY RUN] ✓ ransomware_live: Fetched 412 items
2026-01-19 17:17:40 | INFO     | [cti_platform] | setup_logging:67 | Logging initialized. Audit trail: C:\Users\HP\Desktop\CTI-Platform\logs\cti_platform.log
2026-01-19 17:17:41 | INFO     | [cti_platform.backend.feeds.clearweb.base_feed] | __init__:36 | Initialized feed: ransomware_live (Incremental: True)
2026-01-19 17:17:41 | INFO     | [cti_platform.backend.feeds.clearweb.base_feed] | __init__:36 | Initialized feed: cisa_kev (Incremental: True)
2026-01-19 17:17:41 | INFO     | [cti_platform.backend.feeds.clearweb.base_feed] | dry_run:93 | [DRY RUN] Fetching (full) data from ransomware_live...
2026-01-19 17:17:41 | INFO     | [cti_platform.backend.feeds.clearweb.base_feed] | dry_run:93 | [DRY RUN] Fetching (full) data from cisa_kev...
2026-01-19 17:17:41 | INFO     | [cti_platform.backend.feeds.clearweb.base_feed] | __init__:36 | Initialized feed: alienvault_otx (Incremental: True)
2026-01-19 17:17:41 | INFO     | [cti_platform.backend.feeds.clearweb.base_feed] | __init__:36 | Initialized feed: malpedia (Incremental: True)
2026-01-19 17:17:41 | WARNING  | [cti_platform.backend.feeds.clearweb.alienvault_otx] | __init__:34 | AlienVault OTX initialized WITHOUT API Key (Public Mode).
2026-01-19 17:17:41 | INFO     | [cti_platform.backend.feeds.clearweb.base_feed] | dry_run:93 | [DRY RUN] Fetching (full) data from malpedia...
2026-01-19 17:17:41 | INFO     | [cti_platform.backend.feeds.clearweb.base_feed] | dry_run:93 | [DRY RUN] Fetching (full) data from alienvault_otx...
2026-01-19 17:17:41 | INFO     | [cti_platform.backend.feeds.clearweb.malpedia] | fetch:43 | Initiating bulk fetch from Malpedia (MISP Galaxy format)...
2026-01-19 17:17:41 | INFO     | [cti_platform.backend.feeds.clearweb.alienvault_otx] | fetch:56 | Performing FULL fetch for OTX (Incremental Disabled).
2026-01-19 17:17:41 | ERROR    | [cti_platform.backend.core.http_client] | fetch:95 | HTTP 404 Error | URL: https://otx.alienvault.com/api/v1/pulses/public | Params: {'limit': 50, 'page': 1}
2026-01-19 17:17:41 | ERROR    | [cti_platform.backend.core.http_client] | fetch:102 | Request Failed: https://otx.alienvault.com/api/v1/pulses/public | Status: 404 | Params: {'limit': 50, 'page': 1}
2026-01-19 17:17:41 | ERROR    | [cti_platform.backend.feeds.clearweb.alienvault_otx] | fetch:67 | OTX fetch failed: 404 Client Error: Not Found for url: https://otx.alienvault.com/api/v1/pulses/public?limit=50&page=1
2026-01-19 17:17:41 | INFO     | [cti_platform.backend.feeds.clearweb.base_feed] | dry_run:106 | [DRY RUN] ✓ alienvault_otx: Fetched 0 items
2026-01-19 17:17:41 | INFO     | [cti_platform.backend.feeds.clearweb.cisa_kev] | fetch:45 | Successfully fetched KEV v2026.01.13 (1488 entries)
2026-01-19 17:17:41 | INFO     | [cti_platform.backend.feeds.clearweb.base_feed] | dry_run:106 | [DRY RUN] ✓ cisa_kev: Fetched 1488 items
2026-01-19 17:17:43 | INFO     | [cti_platform.backend.feeds.clearweb.malpedia] | fetch:74 | Successfully scraped 3641 malware families.
2026-01-19 17:17:43 | INFO     | [cti_platform.backend.feeds.clearweb.base_feed] | dry_run:106 | [DRY RUN] ✓ malpedia: Fetched 3641 items
2026-01-19 17:17:43 | INFO     | [cti_platform.backend.feeds.clearweb.ransomware_live] | fetch:57 | Fetched 312 groups entries
2026-01-19 17:17:44 | INFO     | [cti_platform.backend.feeds.clearweb.ransomware_live] | fetch:57 | Fetched 100 victims entries
2026-01-19 17:17:44 | INFO     | [cti_platform.backend.feeds.clearweb.base_feed] | dry_run:106 | [DRY RUN] ✓ ransomware_live: Fetched 412 items
2026-01-19 17:27:16 | INFO     | [cti_platform] | setup_logging:67 | Logging initialized. Audit trail: C:\Users\HP\Desktop\CTI-Platform\logs\cti_platform.log
2026-01-19 17:27:17 | INFO     | [cti_platform.backend.feeds.clearweb.base_feed] | __init__:36 | Initialized feed: cisa_kev (Incremental: True)
2026-01-19 17:27:17 | INFO     | [cti_platform.backend.feeds.clearweb.base_feed] | __init__:36 | Initialized feed: malpedia (Incremental: True)
2026-01-19 17:27:17 | INFO     | [cti_platform.backend.feeds.clearweb.base_feed] | __init__:36 | Initialized feed: ransomware_live (Incremental: True)
2026-01-19 17:27:17 | INFO     | [cti_platform.backend.feeds.clearweb.base_feed] | __init__:36 | Initialized feed: alienvault_otx (Incremental: True)
2026-01-19 17:27:17 | INFO     | [cti_platform.backend.feeds.clearweb.base_feed] | dry_run:93 | [DRY RUN] Fetching (full) data from cisa_kev...
2026-01-19 17:27:17 | INFO     | [cti_platform.backend.feeds.clearweb.base_feed] | dry_run:93 | [DRY RUN] Fetching (full) data from malpedia...
2026-01-19 17:27:17 | INFO     | [cti_platform.backend.feeds.clearweb.base_feed] | dry_run:93 | [DRY RUN] Fetching (full) data from ransomware_live...
2026-01-19 17:27:17 | WARNING  | [cti_platform.backend.feeds.clearweb.alienvault_otx] | __init__:34 | AlienVault OTX initialized WITHOUT API Key (Public Mode).
2026-01-19 17:27:17 | INFO     | [cti_platform.backend.feeds.clearweb.malpedia] | fetch:43 | Initiating bulk fetch from Malpedia (MISP Galaxy format)...
2026-01-19 17:27:17 | INFO     | [cti_platform.backend.feeds.clearweb.base_feed] | dry_run:93 | [DRY RUN] Fetching (full) data from alienvault_otx...
2026-01-19 17:27:17 | INFO     | [cti_platform.backend.feeds.clearweb.alienvault_otx] | fetch:56 | Performing FULL fetch for OTX (Incremental Disabled).
2026-01-19 17:27:18 | ERROR    | [cti_platform.backend.core.http_client] | fetch:95 | HTTP 404 Error | URL: https://otx.alienvault.com/api/v1/pulses/public | Params: {'limit': 50, 'page': 1}
2026-01-19 17:27:18 | ERROR    | [cti_platform.backend.core.http_client] | fetch:102 | Request Failed: https://otx.alienvault.com/api/v1/pulses/public | Status: 404 | Params: {'limit': 50, 'page': 1}
2026-01-19 17:27:18 | ERROR    | [cti_platform.backend.feeds.clearweb.alienvault_otx] | fetch:67 | OTX fetch failed: 404 Client Error: Not Found for url: https://otx.alienvault.com/api/v1/pulses/public?limit=50&page=1
2026-01-19 17:27:18 | INFO     | [cti_platform.backend.feeds.clearweb.base_feed] | dry_run:106 | [DRY RUN] ✓ alienvault_otx: Fetched 0 items
2026-01-19 17:27:18 | INFO     | [cti_platform.backend.feeds.clearweb.cisa_kev] | fetch:45 | Successfully fetched KEV v2026.01.13 (1488 entries)
2026-01-19 17:27:18 | INFO     | [cti_platform.backend.feeds.clearweb.base_feed] | dry_run:106 | [DRY RUN] ✓ cisa_kev: Fetched 1488 items
2026-01-19 17:27:19 | INFO     | [cti_platform.backend.feeds.clearweb.malpedia] | fetch:74 | Successfully scraped 3641 malware families.
2026-01-19 17:27:19 | INFO     | [cti_platform.backend.feeds.clearweb.base_feed] | dry_run:106 | [DRY RUN] ✓ malpedia: Fetched 3641 items
2026-01-19 17:27:19 | INFO     | [cti_platform.backend.feeds.clearweb.ransomware_live] | fetch:57 | Fetched 312 groups entries
2026-01-19 17:27:21 | INFO     | [cti_platform.backend.feeds.clearweb.ransomware_live] | fetch:57 | Fetched 100 victims entries
2026-01-19 17:27:21 | INFO     | [cti_platform.backend.feeds.clearweb.base_feed] | dry_run:106 | [DRY RUN] ✓ ransomware_live: Fetched 412 items
2026-01-19 18:24:36 | INFO     | [cti_platform] | setup_logging:67 | Logging initialized. Audit trail: C:\Users\HP\Desktop\CTI-Platform\logs\cti_platform.log
2026-01-19 18:24:39 | INFO     | [cti_platform.backend.feeds.clearweb.base_feed] | __init__:36 | Initialized feed: cisa_kev (Incremental: True)
2026-01-19 18:24:39 | INFO     | [cti_platform.backend.feeds.clearweb.base_feed] | __init__:36 | Initialized feed: ransomware_live (Incremental: True)
2026-01-19 18:24:39 | INFO     | [cti_platform.backend.feeds.clearweb.base_feed] | dry_run:93 | [DRY RUN] Fetching (full) data from cisa_kev...
2026-01-19 18:24:39 | INFO     | [cti_platform.backend.feeds.clearweb.base_feed] | dry_run:93 | [DRY RUN] Fetching (full) data from ransomware_live...
2026-01-19 18:24:39 | INFO     | [cti_platform.backend.feeds.clearweb.base_feed] | __init__:36 | Initialized feed: alienvault_otx (Incremental: True)
2026-01-19 18:24:39 | WARNING  | [cti_platform.backend.feeds.clearweb.alienvault_otx] | __init__:34 | AlienVault OTX initialized WITHOUT API Key (Public Mode).
2026-01-19 18:24:39 | INFO     | [cti_platform.backend.feeds.clearweb.base_feed] | __init__:36 | Initialized feed: malpedia (Incremental: True)
2026-01-19 18:24:39 | INFO     | [cti_platform.backend.feeds.clearweb.base_feed] | dry_run:93 | [DRY RUN] Fetching (full) data from alienvault_otx...
2026-01-19 18:24:39 | INFO     | [cti_platform.backend.feeds.clearweb.base_feed] | dry_run:93 | [DRY RUN] Fetching (full) data from malpedia...
2026-01-19 18:24:39 | INFO     | [cti_platform.backend.feeds.clearweb.alienvault_otx] | fetch:56 | Performing FULL fetch for OTX (Incremental Disabled).
2026-01-19 18:24:39 | INFO     | [cti_platform.backend.feeds.clearweb.malpedia] | fetch:43 | Initiating bulk fetch from Malpedia (MISP Galaxy format)...
2026-01-19 18:24:40 | INFO     | [cti_platform.backend.feeds.clearweb.cisa_kev] | fetch:45 | Successfully fetched KEV v2026.01.13 (1488 entries)
2026-01-19 18:24:40 | INFO     | [cti_platform.backend.feeds.clearweb.base_feed] | dry_run:106 | [DRY RUN] ✓ cisa_kev: Fetched 1488 items
2026-01-19 18:24:40 | ERROR    | [cti_platform.backend.core.http_client] | fetch:95 | HTTP 404 Error | URL: https://otx.alienvault.com/api/v1/pulses/public | Params: {'limit': 50, 'page': 1}
2026-01-19 18:24:40 | ERROR    | [cti_platform.backend.core.http_client] | fetch:102 | Request Failed: https://otx.alienvault.com/api/v1/pulses/public | Status: 404 | Params: {'limit': 50, 'page': 1}
2026-01-19 18:24:40 | ERROR    | [cti_platform.backend.feeds.clearweb.alienvault_otx] | fetch:67 | OTX fetch failed: 404 Client Error: Not Found for url: https://otx.alienvault.com/api/v1/pulses/public?limit=50&page=1
2026-01-19 18:24:40 | INFO     | [cti_platform.backend.feeds.clearweb.base_feed] | dry_run:106 | [DRY RUN] ✓ alienvault_otx: Fetched 0 items
2026-01-19 18:24:40 | INFO     | [cti_platform.backend.feeds.clearweb.ransomware_live] | fetch:57 | Fetched 312 groups entries
2026-01-19 18:24:42 | INFO     | [cti_platform.backend.feeds.clearweb.ransomware_live] | fetch:57 | Fetched 100 victims entries
2026-01-19 18:24:42 | INFO     | [cti_platform.backend.feeds.clearweb.base_feed] | dry_run:106 | [DRY RUN] ✓ ransomware_live: Fetched 412 items
2026-01-19 18:24:42 | INFO     | [cti_platform.backend.feeds.clearweb.malpedia] | fetch:74 | Successfully scraped 3642 malware families.
2026-01-19 18:24:42 | INFO     | [cti_platform.backend.feeds.clearweb.base_feed] | dry_run:106 | [DRY RUN] ✓ malpedia: Fetched 3642 items
2026-01-20 10:27:57 | INFO     | [cti_platform] | setup_logging:67 | Logging initialized. Audit trail: C:\Users\HP\Desktop\CTI-Platform\logs\cti_platform.log
2026-01-20 10:28:01 | INFO     | [cti_platform.backend.feeds.clearweb.base_feed] | __init__:36 | Initialized feed: ransomware_live (Incremental: True)
2026-01-20 10:28:01 | INFO     | [cti_platform.backend.feeds.clearweb.base_feed] | __init__:36 | Initialized feed: cisa_kev (Incremental: True)
2026-01-20 10:28:01 | INFO     | [cti_platform.backend.feeds.clearweb.base_feed] | __init__:36 | Initialized feed: alienvault_otx (Incremental: True)
2026-01-20 10:28:01 | INFO     | [cti_platform.backend.feeds.clearweb.base_feed] | dry_run:93 | [DRY RUN] Fetching (full) data from ransomware_live...
2026-01-20 10:28:01 | INFO     | [cti_platform.backend.feeds.clearweb.base_feed] | __init__:36 | Initialized feed: malpedia (Incremental: True)
2026-01-20 10:28:01 | INFO     | [cti_platform.backend.feeds.clearweb.base_feed] | dry_run:93 | [DRY RUN] Fetching (full) data from cisa_kev...
2026-01-20 10:28:01 | WARNING  | [cti_platform.backend.feeds.clearweb.alienvault_otx] | __init__:34 | AlienVault OTX initialized WITHOUT API Key (Public Mode).
2026-01-20 10:28:01 | INFO     | [cti_platform.backend.feeds.clearweb.base_feed] | dry_run:93 | [DRY RUN] Fetching (full) data from malpedia...
2026-01-20 10:28:01 | INFO     | [cti_platform.backend.feeds.clearweb.base_feed] | dry_run:93 | [DRY RUN] Fetching (full) data from alienvault_otx...
2026-01-20 10:28:01 | INFO     | [cti_platform.backend.feeds.clearweb.malpedia] | fetch:43 | Initiating bulk fetch from Malpedia (MISP Galaxy format)...
2026-01-20 10:28:01 | INFO     | [cti_platform.backend.feeds.clearweb.alienvault_otx] | fetch:56 | Performing FULL fetch for OTX (Incremental Disabled).
2026-01-20 10:28:01 | INFO     | [cti_platform.backend.feeds.clearweb.cisa_kev] | fetch:45 | Successfully fetched KEV v2026.01.13 (1488 entries)
2026-01-20 10:28:01 | INFO     | [cti_platform.backend.feeds.clearweb.base_feed] | dry_run:106 | [DRY RUN] ✓ cisa_kev: Fetched 1488 items
2026-01-20 10:28:01 | ERROR    | [cti_platform.backend.core.http_client] | fetch:95 | HTTP 404 Error | URL: https://otx.alienvault.com/api/v1/pulses/public | Params: {'limit': 50, 'page': 1}
2026-01-20 10:28:01 | ERROR    | [cti_platform.backend.core.http_client] | fetch:102 | Request Failed: https://otx.alienvault.com/api/v1/pulses/public | Status: 404 | Params: {'limit': 50, 'page': 1}
2026-01-20 10:28:01 | ERROR    | [cti_platform.backend.feeds.clearweb.alienvault_otx] | fetch:67 | OTX fetch failed: 404 Client Error: Not Found for url: https://otx.alienvault.com/api/v1/pulses/public?limit=50&page=1
2026-01-20 10:28:01 | INFO     | [cti_platform.backend.feeds.clearweb.base_feed] | dry_run:106 | [DRY RUN] ✓ alienvault_otx: Fetched 0 items
2026-01-20 10:28:03 | INFO     | [cti_platform.backend.feeds.clearweb.ransomware_live] | fetch:57 | Fetched 312 groups entries
2026-01-20 10:28:04 | INFO     | [cti_platform.backend.feeds.clearweb.ransomware_live] | fetch:57 | Fetched 100 victims entries
2026-01-20 10:28:04 | INFO     | [cti_platform.backend.feeds.clearweb.base_feed] | dry_run:106 | [DRY RUN] ✓ ransomware_live: Fetched 412 items
2026-01-20 10:28:04 | INFO     | [cti_platform.backend.feeds.clearweb.malpedia] | fetch:74 | Successfully scraped 3642 malware families.
2026-01-20 10:28:04 | INFO     | [cti_platform.backend.feeds.clearweb.base_feed] | dry_run:106 | [DRY RUN] ✓ malpedia: Fetched 3642 items
2026-01-20 16:00:15 | INFO     | [cti_platform] | setup_logging:67 | Logging initialized. Audit trail: C:\Users\HP\Desktop\CTI-Platform\logs\cti_platform.log
2026-01-20 16:00:19 | INFO     | [cti_platform.backend.feeds.clearweb.base_feed] | __init__:36 | Initialized feed: alienvault_otx (Incremental: True)
2026-01-20 16:00:19 | INFO     | [cti_platform.backend.feeds.clearweb.base_feed] | __init__:36 | Initialized feed: cisa_kev (Incremental: True)
2026-01-20 16:00:19 | INFO     | [cti_platform.backend.feeds.clearweb.base_feed] | __init__:36 | Initialized feed: ransomware_live (Incremental: True)
2026-01-20 16:00:19 | WARNING  | [cti_platform.backend.feeds.clearweb.alienvault_otx] | __init__:33 | AlienVault OTX initialized WITHOUT API Key (Public Mode).
2026-01-20 16:00:19 | INFO     | [cti_platform.backend.feeds.clearweb.base_feed] | __init__:36 | Initialized feed: malpedia (Incremental: True)
2026-01-20 16:00:19 | INFO     | [cti_platform.backend.feeds.clearweb.alienvault_otx] | fetch:55 | Performing FULL fetch for OTX (Incremental Disabled).
2026-01-20 16:00:19 | INFO     | [cti_platform.backend.feeds.clearweb.malpedia] | fetch:43 | Initiating bulk fetch from Malpedia (MISP Galaxy format)...
2026-01-20 16:00:20 | ERROR    | [cti_platform.backend.core.http_client] | fetch:95 | HTTP 404 Error | URL: https://otx.alienvault.com/api/v1/pulses/public | Params: {'limit': 50, 'page': 1}
2026-01-20 16:00:20 | ERROR    | [cti_platform.backend.core.http_client] | fetch:102 | Request Failed: https://otx.alienvault.com/api/v1/pulses/public | Status: 404 | Params: {'limit': 50, 'page': 1}
2026-01-20 16:00:20 | ERROR    | [cti_platform.backend.feeds.clearweb.alienvault_otx] | fetch:66 | OTX fetch failed: 404 Client Error: Not Found for url: https://otx.alienvault.com/api/v1/pulses/public?limit=50&page=1
2026-01-20 16:00:20 | INFO     | [cti_platform.backend.feeds.clearweb.cisa_kev] | fetch:45 | Successfully fetched KEV v2026.01.13 (1488 entries)
2026-01-20 16:00:21 | INFO     | [cti_platform.backend.feeds.clearweb.malpedia] | fetch:74 | Successfully scraped 3642 malware families.
2026-01-20 16:00:27 | INFO     | [cti_platform.backend.feeds.clearweb.ransomware_live] | fetch:57 | Fetched 313 groups entries
2026-01-20 16:00:27 | ERROR    | [cti_platform.backend.core.http_client] | fetch:102 | Request Failed: https://api.ransomware.live/v2/recentvictims | Status: 429 | Params: {}
2026-01-20 16:00:27 | ERROR    | [cti_platform.backend.feeds.clearweb.ransomware_live] | fetch:59 | Failed to fetch victims from https://api.ransomware.live/v2/recentvictims: 429 Client Error: TOO MANY REQUESTS for url: https://api.ransomware.live/v2/recentvictims
2026-01-20 16:46:36 | INFO     | [cti_platform] | setup_logging:67 | Logging initialized. Audit trail: C:\Users\HP\Desktop\CTI-Platform\logs\cti_platform.log
2026-01-20 16:46:37 | INFO     | [cti_platform.backend.feeds.clearweb.base_feed] | __init__:36 | Initialized feed: ransomware_live (Incremental: True)
2026-01-20 16:46:37 | INFO     | [cti_platform.backend.feeds.clearweb.base_feed] | __init__:36 | Initialized feed: malpedia (Incremental: True)
2026-01-20 16:46:37 | INFO     | [cti_platform.backend.feeds.clearweb.base_feed] | __init__:36 | Initialized feed: cisa_kev (Incremental: True)
2026-01-20 16:46:37 | INFO     | [cti_platform.backend.feeds.clearweb.base_feed] | __init__:36 | Initialized feed: alienvault_otx (Incremental: True)
2026-01-20 16:46:37 | INFO     | [cti_platform.backend.feeds.clearweb.malpedia] | fetch:43 | Initiating bulk fetch from Malpedia (MISP Galaxy format)...
2026-01-20 16:46:37 | WARNING  | [cti_platform.backend.feeds.clearweb.alienvault_otx] | __init__:33 | AlienVault OTX initialized WITHOUT API Key (Public Mode).
2026-01-20 16:46:37 | INFO     | [cti_platform.backend.feeds.clearweb.alienvault_otx] | fetch:55 | Performing FULL fetch for OTX (Incremental Disabled).
2026-01-20 16:46:38 | INFO     | [cti_platform.backend.feeds.clearweb.cisa_kev] | fetch:45 | Successfully fetched KEV v2026.01.13 (1488 entries)
2026-01-20 16:46:38 | ERROR    | [cti_platform.backend.core.http_client] | fetch:95 | HTTP 404 Error | URL: https://otx.alienvault.com/api/v1/pulses/public | Params: {'limit': 50, 'page': 1}
2026-01-20 16:46:38 | ERROR    | [cti_platform.backend.core.http_client] | fetch:102 | Request Failed: https://otx.alienvault.com/api/v1/pulses/public | Status: 404 | Params: {'limit': 50, 'page': 1}
2026-01-20 16:46:38 | ERROR    | [cti_platform.backend.feeds.clearweb.alienvault_otx] | fetch:66 | OTX fetch failed: 404 Client Error: Not Found for url: https://otx.alienvault.com/api/v1/pulses/public?limit=50&page=1
2026-01-20 16:46:39 | INFO     | [cti_platform.backend.feeds.clearweb.ransomware_live] | fetch:57 | Fetched 313 groups entries
2026-01-20 16:46:39 | INFO     | [cti_platform.backend.feeds.clearweb.malpedia] | fetch:74 | Successfully scraped 3642 malware families.
2026-01-20 16:46:40 | INFO     | [cti_platform.backend.feeds.clearweb.ransomware_live] | fetch:57 | Fetched 100 victims entries
2026-01-26 12:59:55 | INFO     | [cti_platform] | setup_logging:67 | Logging initialized. Audit trail: C:\Users\HP\Desktop\CTI-Platform\logs\cti_platform.log
2026-01-26 13:03:59 | INFO     | [cti_platform] | setup_logging:67 | Logging initialized. Audit trail: C:\Users\HP\Desktop\CTI-Platform\logs\cti_platform.log
2026-01-26 13:04:00 | INFO     | [cti_platform.backend.feeds.clearweb.base_feed] | __init__:36 | Initialized feed: ransomware_live (Incremental: True)
2026-01-26 13:04:00 | INFO     | [cti_platform.backend.feeds.clearweb.base_feed] | __init__:36 | Initialized feed: alienvault_otx (Incremental: True)
2026-01-26 13:04:00 | INFO     | [cti_platform.backend.feeds.clearweb.base_feed] | __init__:36 | Initialized feed: malpedia (Incremental: True)
2026-01-26 13:04:00 | WARNING  | [cti_platform.backend.feeds.clearweb.alienvault_otx] | __init__:33 | AlienVault OTX initialized WITHOUT API Key (Public Mode).
2026-01-26 13:04:00 | INFO     | [cti_platform.backend.feeds.clearweb.base_feed] | __init__:36 | Initialized feed: cisa_kev (Incremental: True)
2026-01-26 13:04:00 | INFO     | [cti_platform.backend.feeds.clearweb.malpedia] | fetch:43 | Initiating bulk fetch from Malpedia (MISP Galaxy format)...
2026-01-26 13:04:00 | INFO     | [cti_platform.backend.feeds.clearweb.alienvault_otx] | fetch:55 | Performing FULL fetch for OTX (Incremental Disabled).
2026-01-26 13:04:00 | INFO     | [cti_platform.backend.feeds.clearweb.cisa_kev] | fetch:45 | Successfully fetched KEV v2026.01.23 (1494 entries)
2026-01-26 13:04:01 | ERROR    | [cti_platform.backend.feeds.clearweb.alienvault_otx] | fetch:66 | OTX fetch failed: Expecting value: line 1 column 1 (char 0)
2026-01-26 13:04:01 | INFO     | [cti_platform.backend.feeds.clearweb.malpedia] | fetch:74 | Successfully scraped 3644 malware families.
2026-01-26 13:04:30 | ERROR    | [cti_platform.backend.core.http_client] | fetch:105 | Network Error: https://api.ransomware.live/v2/groups | Error: HTTPSConnectionPool(host='api.ransomware.live', port=443): Read timed out. (read timeout=30)
2026-01-26 13:04:30 | ERROR    | [cti_platform.backend.feeds.clearweb.ransomware_live] | fetch:59 | Failed to fetch groups from https://api.ransomware.live/v2/groups: HTTPSConnectionPool(host='api.ransomware.live', port=443): Read timed out. (read timeout=30)
2026-01-26 13:05:00 | ERROR    | [cti_platform.backend.core.http_client] | fetch:105 | Network Error: https://api.ransomware.live/v2/recentvictims | Error: HTTPSConnectionPool(host='api.ransomware.live', port=443): Read timed out. (read timeout=30)
2026-01-26 13:05:00 | ERROR    | [cti_platform.backend.feeds.clearweb.ransomware_live] | fetch:59 | Failed to fetch victims from https://api.ransomware.live/v2/recentvictims: HTTPSConnectionPool(host='api.ransomware.live', port=443): Read timed out. (read timeout=30)
2026-02-03 13:36:10 | INFO     | [cti_platform] | setup_logging:67 | Logging initialized. Audit trail: C:\Users\HP\Desktop\CTI-Platform\logs\cti_platform.log
2026-02-03 13:37:09 | INFO     | [cti_platform] | setup_logging:67 | Logging initialized. Audit trail: C:\Users\HP\Desktop\CTI-Platform\logs\cti_platform.log
2026-02-03 13:37:26 | INFO     | [cti_platform] | setup_logging:67 | Logging initialized. Audit trail: C:\Users\HP\Desktop\CTI-Platform\logs\cti_platform.log
2026-02-03 13:37:26 | ERROR    | [cti_platform.__main__] | test_feed_worker:84 | Ingestion failed for alienvault_otx: BaseFeed.__init__() missing 1 required positional argument: 'name'
2026-02-03 13:37:26 | INFO     | [cti_platform.backend.feeds.clearweb.base_feed] | __init__:36 | Initialized feed: ransomware_live (Incremental: True)
2026-02-03 13:37:26 | INFO     | [cti_platform.backend.feeds.clearweb.base_feed] | __init__:36 | Initialized feed: cisa_kev (Incremental: True)
2026-02-03 13:37:26 | INFO     | [cti_platform.backend.feeds.clearweb.base_feed] | __init__:36 | Initialized feed: malpedia (Incremental: True)
2026-02-03 13:37:26 | INFO     | [cti_platform.backend.feeds.clearweb.malpedia] | fetch:43 | Initiating bulk fetch from Malpedia (MISP Galaxy format)...
2026-02-03 13:37:27 | INFO     | [cti_platform.backend.feeds.clearweb.cisa_kev] | fetch:45 | Successfully fetched KEV v2026.01.29 (1501 entries)
2026-02-03 13:37:28 | INFO     | [cti_platform.backend.feeds.clearweb.malpedia] | fetch:74 | Successfully scraped 3660 malware families.
2026-02-03 13:37:29 | INFO     | [cti_platform.backend.feeds.clearweb.ransomware_live] | fetch:57 | Fetched 315 groups entries
2026-02-03 13:37:29 | INFO     | [cti_platform.backend.feeds.clearweb.ransomware_live] | fetch:57 | Fetched 100 victims entries
2026-02-03 13:45:32 | INFO     | [cti_platform] | setup_logging:67 | Logging initialized. Audit trail: C:\Users\HP\Desktop\CTI-Platform\logs\cti_platform.log
2026-02-03 13:45:33 | ERROR    | [cti_platform.__main__] | test_feed_worker:84 | Ingestion failed for alienvault_otx: BaseFeed.__init__() missing 1 required positional argument: 'name'
2026-02-03 13:45:33 | INFO     | [cti_platform.backend.feeds.clearweb.base_feed] | __init__:36 | Initialized feed: cisa_kev (Incremental: True)
2026-02-03 13:45:33 | INFO     | [cti_platform.backend.feeds.clearweb.base_feed] | __init__:36 | Initialized feed: malpedia (Incremental: True)
2026-02-03 13:45:33 | INFO     | [cti_platform.backend.feeds.clearweb.base_feed] | __init__:36 | Initialized feed: ransomware_live (Incremental: True)
2026-02-03 13:45:33 | INFO     | [cti_platform.backend.feeds.clearweb.malpedia] | fetch:43 | Initiating bulk fetch from Malpedia (MISP Galaxy format)...
2026-02-03 13:45:34 | INFO     | [cti_platform.backend.feeds.clearweb.cisa_kev] | fetch:45 | Successfully fetched KEV v2026.01.29 (1501 entries)
2026-02-03 13:45:35 | INFO     | [cti_platform.backend.feeds.clearweb.ransomware_live] | fetch:57 | Fetched 315 groups entries
2026-02-03 13:45:36 | INFO     | [cti_platform.backend.feeds.clearweb.malpedia] | fetch:74 | Successfully scraped 3660 malware families.
2026-02-03 13:45:37 | INFO     | [cti_platform.backend.feeds.clearweb.ransomware_live] | fetch:57 | Fetched 100 victims entries
2026-02-03 13:50:58 | INFO     | [cti_platform] | setup_logging:67 | Logging initialized. Audit trail: C:\Users\HP\Desktop\CTI-Platform\logs\cti_platform.log
2026-02-03 13:51:18 | INFO     | [cti_platform] | setup_logging:67 | Logging initialized. Audit trail: C:\Users\HP\Desktop\CTI-Platform\logs\cti_platform.log
2026-02-03 13:52:06 | INFO     | [cti_platform] | setup_logging:67 | Logging initialized. Audit trail: C:\Users\HP\Desktop\CTI-Platform\logs\cti_platform.log
2026-02-03 13:52:37 | INFO     | [cti_platform] | setup_logging:67 | Logging initialized. Audit trail: C:\Users\HP\Desktop\CTI-Platform\logs\cti_platform.log
2026-02-03 13:52:38 | INFO     | [cti_platform.backend.feeds.clearweb.base_feed] | __init__:36 | Initialized feed: alienvault_otx (Incremental: True)
2026-02-03 13:52:38 | INFO     | [cti_platform.backend.feeds.clearweb.base_feed] | __init__:36 | Initialized feed: cisa_kev (Incremental: True)
2026-02-03 13:52:38 | INFO     | [cti_platform.backend.feeds.clearweb.base_feed] | __init__:36 | Initialized feed: ransomware_live (Incremental: True)
2026-02-03 13:52:38 | WARNING  | [cti_platform.backend.feeds.clearweb.alienvault_otx] | __init__:29 | OTX running in PUBLIC MODE. Rate limits apply (1 req/min).
2026-02-03 13:52:38 | INFO     | [cti_platform.backend.feeds.clearweb.base_feed] | __init__:36 | Initialized feed: malpedia (Incremental: True)
2026-02-03 13:52:38 | INFO     | [cti_platform.backend.feeds.clearweb.alienvault_otx] | fetch:49 | Full fetch triggered (Incremental: False)
2026-02-03 13:52:38 | INFO     | [cti_platform.backend.feeds.clearweb.malpedia] | fetch:43 | Initiating bulk fetch from Malpedia (MISP Galaxy format)...
2026-02-03 13:52:38 | ERROR    | [cti_platform.backend.core.http_client] | fetch:105 | Network Error: https://otx.alienvault.com/api/v1/pulses/public | Error: requests.sessions.Session.get() got multiple values for keyword argument 'timeout'
2026-02-03 13:52:38 | ERROR    | [cti_platform.backend.feeds.clearweb.alienvault_otx] | fetch:81 | OTX Error [TypeError]: requests.sessions.Session.get() got multiple values for keyword argument 'timeout'
2026-02-03 13:52:38 | ERROR    | [cti_platform.__main__] | test_feed_worker:84 | Ingestion failed for alienvault_otx: requests.sessions.Session.get() got multiple values for keyword argument 'timeout'
2026-02-03 13:52:38 | INFO     | [cti_platform.backend.feeds.clearweb.cisa_kev] | fetch:45 | Successfully fetched KEV v2026.01.29 (1501 entries)
2026-02-03 13:52:40 | INFO     | [cti_platform.backend.feeds.clearweb.ransomware_live] | fetch:57 | Fetched 315 groups entries
2026-02-03 13:52:40 | INFO     | [cti_platform.backend.feeds.clearweb.ransomware_live] | fetch:57 | Fetched 100 victims entries
2026-02-03 13:52:41 | INFO     | [cti_platform.backend.feeds.clearweb.malpedia] | fetch:74 | Successfully scraped 3660 malware families.
2026-02-10 17:38:11 | INFO     | [cti_platform] | setup_logging:67 | Logging initialized. Audit trail: C:\Users\HP\Desktop\CTI-Platform\logs\cti_platform.log
2026-02-10 17:38:11 | INFO     | [cti_platform.backend.db.connection] | __init__:22 | Initialized database connection manager
2026-02-10 17:38:26 | INFO     | [cti_platform] | setup_logging:67 | Logging initialized. Audit trail: C:\Users\HP\Desktop\CTI-Platform\logs\cti_platform.log
2026-02-10 17:38:26 | INFO     | [cti_platform.backend.db.connection] | __init__:22 | Initialized database connection manager
2026-02-10 17:40:26 | INFO     | [cti_platform] | setup_logging:67 | Logging initialized. Audit trail: C:\Users\HP\Desktop\CTI-Platform\logs\cti_platform.log
2026-02-10 17:40:26 | INFO     | [cti_platform.backend.db.connection] | __init__:22 | Initialized database connection manager
2026-02-10 17:42:37 | INFO     | [cti_platform] | setup_logging:67 | Logging initialized. Audit trail: C:\Users\HP\Desktop\CTI-Platform\logs\cti_platform.log
2026-02-10 17:42:37 | INFO     | [cti_platform.backend.db.connection] | __init__:22 | Initialized database connection manager
2026-02-10 17:47:47 | INFO     | [cti_platform] | setup_logging:67 | Logging initialized. Audit trail: C:\Users\HP\Desktop\CTI-Platform\logs\cti_platform.log
2026-02-10 17:47:47 | INFO     | [cti_platform.backend.db.connection] | __init__:22 | Initialized database connection manager
2026-02-10 18:10:17 | INFO     | [cti_platform] | setup_logging:67 | Logging initialized. Audit trail: C:\Users\HP\Desktop\CTI-Platform\logs\cti_platform.log
2026-02-10 18:10:17 | INFO     | [cti_platform.backend.db.connection] | __init__:22 | Initialized database connection manager
2026-02-10 18:11:59 | INFO     | [cti_platform] | setup_logging:67 | Logging initialized. Audit trail: C:\Users\HP\Desktop\CTI-Platform\logs\cti_platform.log
2026-02-10 18:11:59 | INFO     | [cti_platform.backend.db.connection] | __init__:22 | Initialized database connection manager
2026-02-12 17:21:51 | INFO     | [cti_platform] | setup_logging:67 | Logging initialized. Audit trail: C:\Users\HP\Desktop\CTI-Platform\logs\cti_platform.log
2026-02-12 17:21:51 | INFO     | [cti_platform.backend.db.connection] | __init__:22 | Initialized database connection manager
2026-02-12 17:24:32 | INFO     | [cti_platform] | setup_logging:67 | Logging initialized. Audit trail: C:\Users\HP\Desktop\CTI-Platform\logs\cti_platform.log
2026-02-12 17:24:32 | INFO     | [cti_platform.backend.db.connection] | __init__:22 | Initialized database connection manager
2026-02-12 17:24:34 | INFO     | [cti_platform.backend.feeds.clearweb.base_feed] | __init__:36 | Initialized feed: cisa_kev (Incremental: True)
2026-02-12 17:30:49 | INFO     | [cti_platform] | setup_logging:67 | Logging initialized. Audit trail: C:\Users\HP\Desktop\CTI-Platform\logs\cti_platform.log
2026-02-12 17:30:49 | INFO     | [cti_platform.backend.db.connection] | __init__:22 | Initialized database connection manager
2026-02-12 17:30:49 | INFO     | [cti_platform.backend.feeds.clearweb.base_feed] | __init__:36 | Initialized feed: alienvault_otx (Incremental: True)
2026-02-12 17:30:49 | INFO     | [cti_platform.backend.feeds.clearweb.base_feed] | dry_run:93 | [DRY RUN] Fetching (full) data from alienvault_otx...
2026-02-12 17:30:50 | INFO     | [cti_platform.backend.feeds.clearweb.alienvault_otx] | fetch:56 | Fetched 4 new/updated pulses
2026-02-12 17:30:50 | INFO     | [cti_platform.backend.feeds.clearweb.base_feed] | dry_run:106 | [DRY RUN] ✓ alienvault_otx: Fetched 4 items
2026-02-12 17:31:40 | INFO     | [cti_platform] | setup_logging:67 | Logging initialized. Audit trail: C:\Users\HP\Desktop\CTI-Platform\logs\cti_platform.log
2026-02-12 17:31:40 | INFO     | [cti_platform.backend.db.connection] | __init__:22 | Initialized database connection manager
2026-02-12 17:31:40 | INFO     | [cti_platform.backend.feeds.clearweb.base_feed] | __init__:36 | Initialized feed: ransomware_live (Incremental: True)
2026-02-12 17:31:40 | INFO     | [cti_platform.backend.feeds.clearweb.base_feed] | __init__:36 | Initialized feed: cisa_kev (Incremental: True)
2026-02-12 17:31:40 | INFO     | [cti_platform.backend.feeds.clearweb.base_feed] | __init__:36 | Initialized feed: malpedia (Incremental: True)
2026-02-12 17:31:40 | INFO     | [cti_platform.backend.feeds.clearweb.base_feed] | dry_run:93 | [DRY RUN] Fetching (full) data from ransomware_live...
2026-02-12 17:31:40 | INFO     | [cti_platform.backend.feeds.clearweb.base_feed] | dry_run:93 | [DRY RUN] Fetching (full) data from cisa_kev...
2026-02-12 17:31:40 | INFO     | [cti_platform.backend.feeds.clearweb.base_feed] | __init__:36 | Initialized feed: alienvault_otx (Incremental: True)
2026-02-12 17:31:40 | INFO     | [cti_platform.backend.feeds.clearweb.base_feed] | dry_run:93 | [DRY RUN] Fetching (full) data from malpedia...
2026-02-12 17:31:40 | INFO     | [cti_platform.backend.feeds.clearweb.malpedia] | fetch:43 | Initiating bulk fetch from Malpedia (MISP Galaxy format)...
2026-02-12 17:31:40 | INFO     | [cti_platform.backend.feeds.clearweb.base_feed] | dry_run:93 | [DRY RUN] Fetching (full) data from alienvault_otx...
2026-02-12 17:31:41 | INFO     | [cti_platform.backend.feeds.clearweb.cisa_kev] | fetch:45 | Successfully fetched KEV v2026.02.11 (1513 entries)
2026-02-12 17:31:41 | INFO     | [cti_platform.backend.feeds.clearweb.base_feed] | dry_run:106 | [DRY RUN] ✓ cisa_kev: Fetched 1513 items
2026-02-12 17:31:41 | INFO     | [cti_platform.backend.feeds.clearweb.alienvault_otx] | fetch:56 | Fetched 4 new/updated pulses
2026-02-12 17:31:41 | INFO     | [cti_platform.backend.feeds.clearweb.base_feed] | dry_run:106 | [DRY RUN] ✓ alienvault_otx: Fetched 4 items
2026-02-12 17:31:42 | INFO     | [cti_platform.backend.feeds.clearweb.malpedia] | fetch:74 | Successfully scraped 3662 malware families.
2026-02-12 17:31:42 | INFO     | [cti_platform.backend.feeds.clearweb.base_feed] | dry_run:106 | [DRY RUN] ✓ malpedia: Fetched 3662 items
2026-02-12 17:31:42 | INFO     | [cti_platform.backend.feeds.clearweb.ransomware_live] | fetch:57 | Fetched 318 groups entries
2026-02-12 17:31:44 | ERROR    | [cti_platform.backend.core.http_client] | fetch:102 | Request Failed: https://api.ransomware.live/v2/recentvictims | Status: 429 | Params: {}
2026-02-12 17:31:44 | ERROR    | [cti_platform.backend.feeds.clearweb.ransomware_live] | fetch:59 | Failed to fetch victims from https://api.ransomware.live/v2/recentvictims: 429 Client Error: TOO MANY REQUESTS for url: https://api.ransomware.live/v2/recentvictims
2026-02-12 17:31:44 | INFO     | [cti_platform.backend.feeds.clearweb.base_feed] | dry_run:106 | [DRY RUN] ✓ ransomware_live: Fetched 318 items
2026-02-12 18:17:27 | INFO     | [cti_platform] | setup_logging:67 | Logging initialized. Audit trail: C:\Users\HP\Desktop\CTI-Platform\logs\cti_platform.log
2026-02-12 18:17:27 | INFO     | [cti_platform.backend.db.connection] | __init__:22 | Initialized database connection manager
2026-02-12 18:17:28 | INFO     | [cti_platform.backend.parser.base_parser] | __init__:35 | Initialized parser: vulnerability_parser
2026-02-12 18:17:28 | INFO     | [cti_platform.backend.parser.base_parser] | __init__:35 | Initialized parser: malpedia
2026-02-12 18:17:30 | INFO     | [cti_platform.backend.parser.base_parser] | __init__:35 | Initialized parser: vulnerability_parser
2026-02-12 18:17:30 | INFO     | [cti_platform.backend.parser.base_parser] | __init__:35 | Initialized parser: ransomware_parser
2026-02-13 15:23:33 | INFO     | [cti_platform] | setup_logging:67 | Logging initialized. Audit trail: C:\Users\HP\Desktop\CTI-Platform\logs\cti_platform.log
2026-02-13 15:23:33 | INFO     | [cti_platform.backend.db.connection] | __init__:22 | Initialized database connection manager
2026-02-13 15:24:15 | INFO     | [cti_platform] | setup_logging:67 | Logging initialized. Audit trail: C:\Users\HP\Desktop\CTI-Platform\logs\cti_platform.log
2026-02-13 15:24:15 | INFO     | [cti_platform.backend.db.connection] | __init__:22 | Initialized database connection manager
2026-02-13 15:25:14 | INFO     | [cti_platform] | setup_logging:67 | Logging initialized. Audit trail: C:\Users\HP\Desktop\CTI-Platform\logs\cti_platform.log
2026-02-13 15:25:14 | INFO     | [cti_platform.backend.db.connection] | __init__:22 | Initialized database connection manager
2026-02-13 15:25:14 | INFO     | [cti_platform.backend.processors.deduplicator] | __init__:36 | Initialized deduplicator with 0 records in cache
2026-02-13 15:25:15 | INFO     | [cti_platform.backend.processors.deduplicator] | deduplicate:98 | Deduplication complete: 0 unique, 0 merged.
2026-02-13 16:39:58 | INFO     | [cti_platform] | setup_logging:67 | Logging initialized. Audit trail: C:\Users\HP\Desktop\CTI-Platform\logs\cti_platform.log
2026-02-13 16:39:58 | INFO     | [cti_platform.backend.db.connection] | __init__:22 | Initialized database connection manager
2026-02-13 16:57:52 | INFO     | [cti_platform] | setup_logging:67 | Logging initialized. Audit trail: C:\Users\HP\Desktop\CTI-Platform\logs\cti_platform.log
2026-02-13 16:57:52 | INFO     | [cti_platform.backend.db.connection] | __init__:22 | Initialized database connection manager
2026-02-13 16:57:53 | INFO     | [cti_platform.backend.processors.deduplicator] | deduplicate:85 | Deduplication complete. 22693 records in final storage.
2026-02-13 16:58:24 | INFO     | [cti_platform] | setup_logging:67 | Logging initialized. Audit trail: C:\Users\HP\Desktop\CTI-Platform\logs\cti_platform.log
2026-02-13 16:58:24 | INFO     | [cti_platform.backend.db.connection] | __init__:22 | Initialized database connection manager
2026-02-13 16:58:59 | INFO     | [cti_platform] | setup_logging:67 | Logging initialized. Audit trail: C:\Users\HP\Desktop\CTI-Platform\logs\cti_platform.log
2026-02-13 16:58:59 | INFO     | [cti_platform.backend.db.connection] | __init__:22 | Initialized database connection manager
2026-02-13 17:25:19 | INFO     | [cti_platform] | setup_logging:67 | Logging initialized. Audit trail: C:\Users\HP\Desktop\CTI-Platform\logs\cti_platform.log
2026-02-13 17:25:19 | INFO     | [cti_platform.backend.db.connection] | __init__:22 | Initialized database connection manager
2026-02-13 17:31:03 | INFO     | [cti_platform] | setup_logging:67 | Logging initialized. Audit trail: C:\Users\HP\Desktop\CTI-Platform\logs\cti_platform.log
2026-02-13 17:31:03 | INFO     | [cti_platform.backend.db.connection] | __init__:22 | Initialized database connection manager
2026-02-13 17:31:04 | INFO     | [cti_platform.backend.processors.deduplicator] | __init__:36 | Initialized deduplicator with 22693 records in cache
2026-02-13 17:31:05 | INFO     | [cti_platform.backend.processors.deduplicator] | deduplicate:98 | Deduplication complete: 22693 unique, 0 merged.
2026-02-14 11:43:20 | INFO     | [cti_platform] | setup_logging:67 | Logging initialized. Audit trail: C:\Users\HP\Desktop\CTI-Platform\logs\cti_platform.log
2026-02-14 11:43:20 | INFO     | [cti_platform.backend.db.connection] | __init__:22 | Initialized database connection manager
2026-02-14 11:44:01 | INFO     | [cti_platform] | setup_logging:67 | Logging initialized. Audit trail: C:\Users\HP\Desktop\CTI-Platform\logs\cti_platform.log
2026-02-14 11:44:01 | INFO     | [cti_platform.backend.db.connection] | __init__:22 | Initialized database connection manager
2026-02-14 11:47:47 | INFO     | [cti_platform] | setup_logging:67 | Logging initialized. Audit trail: C:\Users\HP\Desktop\CTI-Platform\logs\cti_platform.log
2026-02-14 11:47:47 | INFO     | [cti_platform.backend.db.connection] | __init__:22 | Initialized database connection manager
2026-02-14 11:58:38 | INFO     | [cti_platform] | setup_logging:67 | Logging initialized. Audit trail: C:\Users\HP\Desktop\CTI-Platform\logs\cti_platform.log
2026-02-14 11:58:38 | INFO     | [cti_platform.backend.db.connection] | __init__:22 | Initialized database connection manager
2026-02-14 12:06:54 | INFO     | [cti_platform] | setup_logging:67 | Logging initialized. Audit trail: C:\Users\HP\Desktop\CTI-Platform\logs\cti_platform.log
2026-02-14 12:06:54 | INFO     | [cti_platform.backend.db.connection] | __init__:22 | Initialized database connection manager
2026-02-14 12:32:55 | INFO     | [cti_platform] | setup_logging:67 | Logging initialized. Audit trail: C:\Users\HP\Desktop\CTI-Platform\logs\cti_platform.log
2026-02-14 12:32:55 | INFO     | [cti_platform.backend.db.connection] | __init__:22 | Initialized database connection manager
2026-02-14 12:32:55 | INFO     | [cti_platform.backend.feeds.clearweb.base_feed] | __init__:36 | Initialized feed: ransomware_live (Incremental: True)
2026-02-14 12:32:55 | INFO     | [cti_platform.backend.feeds.clearweb.base_feed] | __init__:36 | Initialized feed: cisa_kev (Incremental: True)
2026-02-14 12:32:55 | INFO     | [cti_platform.backend.feeds.clearweb.base_feed] | __init__:36 | Initialized feed: alienvault_otx (Incremental: True)
2026-02-14 12:32:55 | INFO     | [cti_platform.backend.feeds.clearweb.base_feed] | __init__:36 | Initialized feed: malpedia (Incremental: True)
2026-02-14 12:32:55 | INFO     | [cti_platform.backend.feeds.clearweb.base_feed] | dry_run:98 | [DRY RUN] Fetching (full) data from ransomware_live...
2026-02-14 12:32:55 | INFO     | [cti_platform.backend.feeds.clearweb.base_feed] | dry_run:98 | [DRY RUN] Fetching (full) data from cisa_kev...
2026-02-14 12:32:55 | INFO     | [cti_platform.backend.feeds.clearweb.base_feed] | dry_run:98 | [DRY RUN] Fetching (full) data from alienvault_otx...
2026-02-14 12:32:55 | INFO     | [cti_platform.backend.feeds.clearweb.base_feed] | dry_run:98 | [DRY RUN] Fetching (full) data from malpedia...
2026-02-14 12:32:55 | INFO     | [cti_platform.backend.feeds.clearweb.malpedia] | fetch:43 | Initiating bulk fetch from Malpedia (MISP Galaxy format)...
2026-02-14 12:32:56 | INFO     | [cti_platform.backend.feeds.clearweb.cisa_kev] | fetch:45 | Successfully fetched KEV v2026.02.13 (1518 entries)
2026-02-14 12:32:56 | INFO     | [cti_platform.backend.feeds.clearweb.base_feed] | save_raw_data:74 | Saved raw data to C:\Users\HP\Desktop\CTI-Platform\data\raw\cisa_kev\cisa_kev_20260214_123256.json
2026-02-14 12:32:56 | INFO     | [cti_platform.backend.feeds.clearweb.base_feed] | dry_run:114 | [DRY RUN] ✓ cisa_kev: Fetched 1518 items and saved snapshot to C:\Users\HP\Desktop\CTI-Platform\data\raw\cisa_kev\cisa_kev_20260214_123256.json
2026-02-14 12:32:56 | INFO     | [cti_platform.backend.feeds.clearweb.alienvault_otx] | fetch:56 | Fetched 1 new/updated pulses
2026-02-14 12:32:56 | INFO     | [cti_platform.backend.feeds.clearweb.base_feed] | save_raw_data:74 | Saved raw data to C:\Users\HP\Desktop\CTI-Platform\data\raw\alienvault_otx\alienvault_otx_20260214_123256.json
2026-02-14 12:32:56 | INFO     | [cti_platform.backend.feeds.clearweb.base_feed] | dry_run:114 | [DRY RUN] ✓ alienvault_otx: Fetched 1 items and saved snapshot to C:\Users\HP\Desktop\CTI-Platform\data\raw\alienvault_otx\alienvault_otx_20260214_123256.json
2026-02-14 12:32:57 | INFO     | [cti_platform.backend.feeds.clearweb.ransomware_live] | fetch:57 | Fetched 318 groups entries
2026-02-14 12:32:59 | INFO     | [cti_platform.backend.feeds.clearweb.malpedia] | fetch:74 | Successfully scraped 3662 malware families.
2026-02-14 12:32:59 | INFO     | [cti_platform.backend.feeds.clearweb.base_feed] | save_raw_data:74 | Saved raw data to C:\Users\HP\Desktop\CTI-Platform\data\raw\malpedia\malpedia_20260214_123259.json
2026-02-14 12:32:59 | INFO     | [cti_platform.backend.feeds.clearweb.base_feed] | dry_run:114 | [DRY RUN] ✓ malpedia: Fetched 3662 items and saved snapshot to C:\Users\HP\Desktop\CTI-Platform\data\raw\malpedia\malpedia_20260214_123259.json
2026-02-14 12:32:59 | INFO     | [cti_platform.backend.feeds.clearweb.ransomware_live] | fetch:57 | Fetched 100 victims entries
2026-02-14 12:32:59 | INFO     | [cti_platform.backend.feeds.clearweb.base_feed] | save_raw_data:74 | Saved raw data to C:\Users\HP\Desktop\CTI-Platform\data\raw\ransomware_live\ransomware_live_20260214_123259.json
2026-02-14 12:32:59 | INFO     | [cti_platform.backend.feeds.clearweb.base_feed] | dry_run:114 | [DRY RUN] ✓ ransomware_live: Fetched 418 items and saved snapshot to C:\Users\HP\Desktop\CTI-Platform\data\raw\ransomware_live\ransomware_live_20260214_123259.json
2026-02-19 14:12:12 | INFO     | [cti_platform] | setup_logging:67 | Logging initialized. Audit trail: C:\Users\HP\Desktop\CTI-Platform\logs\cti_platform.log
2026-02-19 14:12:12 | INFO     | [cti_platform.backend.db.connection] | __init__:22 | Initialized database connection manager
2026-02-19 14:13:00 | INFO     | [cti_platform] | setup_logging:67 | Logging initialized. Audit trail: C:\Users\HP\Desktop\CTI-Platform\logs\cti_platform.log
2026-02-19 14:13:00 | INFO     | [cti_platform.backend.db.connection] | __init__:22 | Initialized database connection manager
2026-02-19 14:14:06 | INFO     | [cti_platform] | setup_logging:67 | Logging initialized. Audit trail: C:\Users\HP\Desktop\CTI-Platform\logs\cti_platform.log
2026-02-19 14:14:06 | INFO     | [cti_platform.backend.db.connection] | __init__:22 | Initialized database connection manager
2026-02-21 15:25:12 | INFO     | [cti_platform] | setup_logging:67 | Logging initialized. Audit trail: C:\Users\HP\Desktop\CTI-Platform\logs\cti_platform.log
2026-02-21 15:25:12 | INFO     | [cti_platform.backend.db.connection] | __init__:22 | Initialized database connection manager
2026-02-21 15:53:51 | INFO     | [cti_platform] | setup_logging:67 | Logging initialized. Audit trail: C:\Users\HP\Desktop\CTI-Platform\logs\cti_platform.log
2026-02-21 15:53:51 | INFO     | [cti_platform.backend.db.connection] | __init__:22 | Initialized database connection manager
2026-02-21 15:58:56 | INFO     | [cti_platform] | setup_logging:67 | Logging initialized. Audit trail: C:\Users\HP\Desktop\CTI-Platform\logs\cti_platform.log
2026-02-21 15:58:56 | INFO     | [cti_platform.backend.db.connection] | __init__:22 | Initialized database connection manager
2026-02-21 16:01:26 | INFO     | [cti_platform] | setup_logging:67 | Logging initialized. Audit trail: C:\Users\HP\Desktop\CTI-Platform\logs\cti_platform.log
2026-02-21 16:01:26 | INFO     | [cti_platform.backend.db.connection] | __init__:22 | Initialized database connection manager
2026-02-21 16:04:16 | INFO     | [cti_platform] | setup_logging:67 | Logging initialized. Audit trail: C:\Users\HP\Desktop\CTI-Platform\logs\cti_platform.log
2026-02-21 16:04:16 | INFO     | [cti_platform.backend.db.connection] | __init__:22 | Initialized database connection manager
2026-02-21 16:06:42 | INFO     | [cti_platform] | setup_logging:67 | Logging initialized. Audit trail: C:\Users\HP\Desktop\CTI-Platform\logs\cti_platform.log
2026-02-21 16:06:42 | INFO     | [cti_platform.backend.db.connection] | __init__:22 | Initialized database connection manager
2026-02-21 16:06:43 | INFO     | [cti_platform.TestRun] | start_dry_run:27 | 🚀 INITIALIZING ENRICHMENT TEST RUN...
2026-02-21 16:06:43 | INFO     | [cti_platform.TestRun] | prepare_test_data:16 | 📝 No test file found. Creating a sample IOC report...
2026-02-21 16:06:43 | ERROR    | [cti_platform.TestRun] | start_dry_run:40 | ❌ Test Run Failed: name 'os' is not defined
2026-02-23 10:30:58 | INFO     | [cti_platform] | setup_logging:67 | Logging initialized. Audit trail: C:\Users\HP\Desktop\CTI-Platform\logs\cti_platform.log
2026-02-23 10:30:58 | INFO     | [cti_platform.backend.db.connection] | __init__:22 | Initialized database connection manager
2026-02-23 10:31:01 | INFO     | [cti_platform.TestRun] | start_dry_run:37 | 🚀 INITIALIZING ENRICHMENT TEST RUN...
2026-02-23 10:31:01 | INFO     | [cti_platform.TestRun] | prepare_test_data:24 | 📝 No test file found. Creating a sample IOC report...
2026-02-23 10:31:01 | ERROR    | [cti_platform.TestRun] | start_dry_run:50 | ❌ Test Run Failed: name 'os' is not defined
2026-02-23 10:31:01 | ERROR    | [cti_platform.TestRun] | start_dry_run:52 | Traceback (most recent call last):
  File "C:\Users\HP\Desktop\CTI-Platform\backend\tests\test_enrichment.py", line 45, in start_dry_run
    manager = EnrichmentManager()
  File "C:\Users\HP\Desktop\CTI-Platform\backend\enrichment\manager.py", line 18, in __init__
    self.geoip = GeoIPEnricher()
                 ~~~~~~~~~~~~~^^
  File "C:\Users\HP\Desktop\CTI-Platform\backend\enrichment\geoip_lookup.py", line 28, in __init__
    base_path = getattr(settings, "BASE_DIR", os.getcwd())
                                              ^^
NameError: name 'os' is not defined. Did you forget to import 'os'?

2026-02-23 10:33:00 | INFO     | [cti_platform] | setup_logging:67 | Logging initialized. Audit trail: C:\Users\HP\Desktop\CTI-Platform\logs\cti_platform.log
2026-02-23 10:33:00 | INFO     | [cti_platform.backend.db.connection] | __init__:22 | Initialized database connection manager
2026-02-23 10:33:01 | INFO     | [cti_platform.TestRun] | start_dry_run:37 | 🚀 INITIALIZING ENRICHMENT TEST RUN...
2026-02-23 10:33:01 | INFO     | [cti_platform.TestRun] | prepare_test_data:24 | 📝 No test file found. Creating a sample IOC report...
2026-02-23 10:33:01 | WARNING  | [cti_platform.backend.enrichment.geoip_lookup] | __init__:48 | MaxMind DB missing. Using Public API fallback for dry run.
2026-02-23 10:33:01 | INFO     | [cti_platform.backend.enrichment.whois_lookup] | __init__:33 | WHOIS Enrichment module initialized.
2026-02-23 10:33:02 | ERROR    | [cti_platform.backend.enrichment.whois_lookup] | _perform_lookup:80 | Library 'python-whois' not found. Run: pip install python-whois
2026-02-23 10:33:02 | INFO     | [cti_platform.TestRun] | start_dry_run:56 | --- TEST SUMMARY ---
2026-02-23 10:33:02 | INFO     | [cti_platform.TestRun] | start_dry_run:57 | Total Time: 1.33 seconds
2026-02-23 10:33:02 | WARNING  | [cti_platform.TestRun] | start_dry_run:60 | ⚠️ Warning: Run was very fast. Check if data was actually processed.
2026-02-23 10:53:10 | INFO     | [cti_platform] | setup_logging:67 | Logging initialized. Audit trail: C:\Users\HP\Desktop\CTI-Platform\logs\cti_platform.log
2026-02-23 10:53:10 | INFO     | [cti_platform.backend.db.connection] | __init__:22 | Initialized database connection manager
2026-02-23 10:53:13 | INFO     | [cti_platform.TestRun] | start_dry_run:37 | 🚀 INITIALIZING ENRICHMENT TEST RUN...
2026-02-23 10:53:13 | INFO     | [cti_platform.TestRun] | prepare_test_data:24 | 📝 No test file found. Creating a sample IOC report...
2026-02-23 10:53:13 | WARNING  | [cti_platform.backend.enrichment.geoip_lookup] | __init__:48 | MaxMind DB missing. Using Public API fallback for dry run.
2026-02-23 10:53:13 | INFO     | [cti_platform.backend.enrichment.whois_lookup] | __init__:33 | WHOIS Enrichment module initialized.
2026-02-23 10:53:13 | INFO     | [cti_platform.TestRun] | start_dry_run:56 | --- TEST SUMMARY ---
2026-02-23 10:53:13 | INFO     | [cti_platform.TestRun] | start_dry_run:57 | Total Time: 0.09 seconds
2026-02-23 10:53:13 | WARNING  | [cti_platform.TestRun] | start_dry_run:60 | ⚠️ Warning: Run was very fast. Check if data was actually processed.
2026-02-23 10:59:22 | INFO     | [cti_platform] | setup_logging:67 | Logging initialized. Audit trail: C:\Users\HP\Desktop\CTI-Platform\logs\cti_platform.log
2026-02-23 10:59:22 | INFO     | [cti_platform.backend.db.connection] | __init__:22 | Initialized database connection manager
2026-02-23 10:59:22 | INFO     | [cti_platform.TestRun] | start_dry_run:37 | 🚀 INITIALIZING ENRICHMENT TEST RUN...
2026-02-23 10:59:22 | WARNING  | [cti_platform.backend.enrichment.geoip_lookup] | __init__:48 | MaxMind DB missing. Using Public API fallback for dry run.
2026-02-23 10:59:22 | INFO     | [cti_platform.backend.enrichment.whois_lookup] | __init__:33 | WHOIS Enrichment module initialized.
2026-02-23 10:59:22 | INFO     | [cti_platform.TestRun] | start_dry_run:56 | --- TEST SUMMARY ---
2026-02-23 10:59:22 | INFO     | [cti_platform.TestRun] | start_dry_run:57 | Total Time: 0.00 seconds
2026-02-23 10:59:22 | WARNING  | [cti_platform.TestRun] | start_dry_run:60 | ⚠️ Warning: Run was very fast. Check if data was actually processed.
2026-02-23 10:59:50 | INFO     | [cti_platform] | setup_logging:67 | Logging initialized. Audit trail: C:\Users\HP\Desktop\CTI-Platform\logs\cti_platform.log
2026-02-23 10:59:50 | INFO     | [cti_platform.backend.db.connection] | __init__:22 | Initialized database connection manager
2026-02-23 10:59:51 | INFO     | [cti_platform.TestRun] | start_dry_run:37 | 🚀 INITIALIZING ENRICHMENT TEST RUN...
2026-02-23 10:59:51 | WARNING  | [cti_platform.backend.enrichment.geoip_lookup] | __init__:48 | MaxMind DB missing. Using Public API fallback for dry run.
2026-02-23 10:59:51 | INFO     | [cti_platform.backend.enrichment.whois_lookup] | __init__:33 | WHOIS Enrichment module initialized.
2026-02-23 10:59:51 | INFO     | [cti_platform.TestRun] | start_dry_run:56 | --- TEST SUMMARY ---
2026-02-23 10:59:51 | INFO     | [cti_platform.TestRun] | start_dry_run:57 | Total Time: 0.00 seconds
2026-02-23 10:59:51 | WARNING  | [cti_platform.TestRun] | start_dry_run:60 | ⚠️ Warning: Run was very fast. Check if data was actually processed.
2026-02-23 11:18:40 | INFO     | [cti_platform] | setup_logging:67 | Logging initialized. Audit trail: C:\Users\HP\Desktop\CTI-Platform\logs\cti_platform.log
2026-02-23 11:18:40 | INFO     | [cti_platform.backend.db.connection] | __init__:22 | Initialized database connection manager
2026-02-23 11:18:41 | INFO     | [cti_platform.TestRun] | start_dry_run:46 | 🚀 INITIALIZING ENRICHMENT TEST RUN...
2026-02-23 11:18:41 | INFO     | [cti_platform.TestRun] | prepare_test_data:26 | 📝 Preparing fresh test data in storage/final/final_intelligence.json...
2026-02-23 11:18:41 | WARNING  | [cti_platform.backend.enrichment.geoip_lookup] | __init__:48 | MaxMind DB missing. Using Public API fallback for dry run.
2026-02-23 11:18:41 | INFO     | [cti_platform.backend.enrichment.whois_lookup] | __init__:33 | WHOIS Enrichment module initialized.
2026-02-23 11:18:45 | INFO     | [cti_platform.TestRun] | start_dry_run:76 | ✅ Verification: 3/3 indicators enriched.
2026-02-23 11:18:45 | INFO     | [cti_platform.TestRun] | start_dry_run:80 | --- TEST SUMMARY ---
2026-02-23 11:18:45 | INFO     | [cti_platform.TestRun] | start_dry_run:81 | Total Time: 3.69 seconds
2026-02-23 11:25:40 | INFO     | [cti_platform] | setup_logging:67 | Logging initialized. Audit trail: C:\Users\HP\Desktop\CTI-Platform\logs\cti_platform.log
2026-02-23 11:25:40 | INFO     | [cti_platform.backend.db.connection] | __init__:22 | Initialized database connection manager
2026-02-23 11:26:00 | INFO     | [cti_platform] | setup_logging:67 | Logging initialized. Audit trail: C:\Users\HP\Desktop\CTI-Platform\logs\cti_platform.log
2026-02-23 11:26:00 | INFO     | [cti_platform.backend.db.connection] | __init__:22 | Initialized database connection manager
2026-02-23 11:26:01 | INFO     | [cti_platform.backend.parser.base_parser] | __init__:35 | Initialized parser: vulnerability_parser
2026-02-23 11:26:43 | INFO     | [cti_platform] | setup_logging:67 | Logging initialized. Audit trail: C:\Users\HP\Desktop\CTI-Platform\logs\cti_platform.log
2026-02-23 11:26:43 | INFO     | [cti_platform.backend.db.connection] | __init__:22 | Initialized database connection manager
2026-02-23 11:28:53 | INFO     | [cti_platform] | setup_logging:67 | Logging initialized. Audit trail: C:\Users\HP\Desktop\CTI-Platform\logs\cti_platform.log
2026-02-23 11:28:53 | INFO     | [cti_platform.backend.db.connection] | __init__:22 | Initialized database connection manager
2026-02-23 11:37:07 | INFO     | [cti_platform] | setup_logging:67 | Logging initialized. Audit trail: C:\Users\HP\Desktop\CTI-Platform\logs\cti_platform.log
2026-02-23 11:37:07 | INFO     | [cti_platform.backend.db.connection] | __init__:22 | Initialized database connection manager
2026-02-23 11:44:05 | INFO     | [cti_platform] | setup_logging:67 | Logging initialized. Audit trail: C:\Users\HP\Desktop\CTI-Platform\logs\cti_platform.log
2026-02-23 11:44:05 | INFO     | [cti_platform.backend.db.connection] | __init__:22 | Initialized database connection manager
2026-02-23 11:46:08 | INFO     | [cti_platform] | setup_logging:67 | Logging initialized. Audit trail: C:\Users\HP\Desktop\CTI-Platform\logs\cti_platform.log
2026-02-23 11:46:08 | INFO     | [cti_platform.backend.db.connection] | __init__:22 | Initialized database connection manager
2026-02-23 11:55:43 | INFO     | [cti_platform] | setup_logging:67 | Logging initialized. Audit trail: C:\Users\HP\Desktop\CTI-Platform\logs\cti_platform.log
2026-02-23 11:55:43 | INFO     | [cti_platform.backend.db.connection] | __init__:22 | Initialized database connection manager
2026-02-23 12:26:06 | INFO     | [cti_platform] | setup_logging:67 | Logging initialized. Audit trail: C:\Users\HP\Desktop\CTI-Platform\logs\cti_platform.log
2026-02-23 12:27:17 | INFO     | [cti_platform] | setup_logging:67 | Logging initialized. Audit trail: C:\Users\HP\Desktop\CTI-Platform\logs\cti_platform.log
2026-02-23 12:27:17 | INFO     | [cti_platform.backend.db.connection] | __init__:22 | Initialized database connection manager
2026-02-23 12:28:57 | INFO     | [cti_platform] | setup_logging:67 | Logging initialized. Audit trail: C:\Users\HP\Desktop\CTI-Platform\logs\cti_platform.log
2026-02-23 12:28:57 | INFO     | [cti_platform.backend.db.connection] | __init__:22 | Initialized database connection manager
2026-02-23 12:29:29 | INFO     | [cti_platform] | setup_logging:67 | Logging initialized. Audit trail: C:\Users\HP\Desktop\CTI-Platform\logs\cti_platform.log
2026-02-23 12:29:29 | INFO     | [cti_platform.backend.db.connection] | __init__:22 | Initialized database connection manager
2026-02-23 12:31:35 | INFO     | [cti_platform] | setup_logging:67 | Logging initialized. Audit trail: C:\Users\HP\Desktop\CTI-Platform\logs\cti_platform.log
2026-02-23 12:31:35 | INFO     | [cti_platform.backend.db.connection] | __init__:22 | Initialized database connection manager
2026-02-23 12:31:52 | INFO     | [cti_platform] | setup_logging:67 | Logging initialized. Audit trail: C:\Users\HP\Desktop\CTI-Platform\logs\cti_platform.log
2026-02-23 12:31:52 | INFO     | [cti_platform.backend.db.connection] | __init__:22 | Initialized database connection manager
2026-02-23 12:32:43 | INFO     | [cti_platform] | setup_logging:67 | Logging initialized. Audit trail: C:\Users\HP\Desktop\CTI-Platform\logs\cti_platform.log
2026-02-23 12:32:43 | INFO     | [cti_platform.backend.db.connection] | __init__:22 | Initialized database connection manager
2026-02-23 12:36:15 | INFO     | [cti_platform] | setup_logging:67 | Logging initialized. Audit trail: C:\Users\HP\Desktop\CTI-Platform\logs\cti_platform.log
2026-02-23 12:36:15 | INFO     | [cti_platform.backend.db.connection] | __init__:22 | Initialized database connection manager
2026-02-23 12:38:24 | INFO     | [cti_platform] | setup_logging:67 | Logging initialized. Audit trail: C:\Users\HP\Desktop\CTI-Platform\logs\cti_platform.log
2026-02-23 12:38:24 | INFO     | [cti_platform.backend.db.connection] | __init__:22 | Initialized database connection manager
2026-02-23 16:29:06 | INFO     | [cti_platform] | setup_logging:67 | Logging initialized. Audit trail: C:\Users\HP\Desktop\CTI-Platform\logs\cti_platform.log
2026-02-23 16:29:06 | INFO     | [cti_platform.backend.db.connection] | __init__:22 | Initialized database connection manager
2026-02-23 16:29:16 | INFO     | [cti_platform] | setup_logging:67 | Logging initialized. Audit trail: C:\Users\HP\Desktop\CTI-Platform\logs\cti_platform.log
2026-02-23 16:29:16 | INFO     | [cti_platform.backend.db.connection] | __init__:22 | Initialized database connection manager
2026-02-24 10:55:30 | INFO     | [cti_platform] | setup_logging:67 | Logging initialized. Audit trail: C:\Users\HP\Desktop\CTI-Platform\logs\cti_platform.log
2026-02-24 10:55:30 | INFO     | [cti_platform.backend.db.connection] | __init__:22 | Initialized database connection manager
2026-02-24 10:58:09 | INFO     | [cti_platform] | setup_logging:67 | Logging initialized. Audit trail: C:\Users\HP\Desktop\CTI-Platform\logs\cti_platform.log
2026-02-24 10:58:09 | INFO     | [cti_platform.backend.db.connection] | __init__:22 | Initialized database connection manager
2026-02-24 11:05:13 | INFO     | [cti_platform] | setup_logging:67 | Logging initialized. Audit trail: C:\Users\HP\Desktop\CTI-Platform\logs\cti_platform.log
2026-02-24 11:05:13 | INFO     | [cti_platform.backend.db.connection] | __init__:22 | Initialized database connection manager
2026-02-24 11:22:34 | INFO     | [cti_platform] | setup_logging:67 | Logging initialized. Audit trail: C:\Users\HP\Desktop\CTI-Platform\logs\cti_platform.log
2026-02-24 11:22:34 | INFO     | [cti_platform.backend.db.connection] | __init__:22 | Initialized database connection manager
2026-02-24 11:22:34 | INFO     | [cti_platform.backend.feeds.clearweb.base_feed] | __init__:36 | Initialized feed: cisa_kev (Incremental: True)
2026-02-24 11:22:34 | INFO     | [cti_platform.backend.feeds.clearweb.base_feed] | __init__:36 | Initialized feed: malpedia (Incremental: True)
2026-02-24 11:22:34 | INFO     | [cti_platform.backend.feeds.clearweb.base_feed] | dry_run:98 | [DRY RUN] Fetching (full) data from cisa_kev...
2026-02-24 11:22:34 | INFO     | [cti_platform.backend.feeds.clearweb.base_feed] | dry_run:98 | [DRY RUN] Fetching (full) data from malpedia...
2026-02-24 11:22:34 | INFO     | [cti_platform.backend.feeds.clearweb.base_feed] | __init__:36 | Initialized feed: alienvault_otx (Incremental: True)
2026-02-24 11:22:34 | INFO     | [cti_platform.backend.feeds.clearweb.base_feed] | __init__:36 | Initialized feed: ransomware_live (Incremental: True)
2026-02-24 11:22:34 | INFO     | [cti_platform.backend.feeds.clearweb.malpedia] | fetch:43 | Initiating bulk fetch from Malpedia (MISP Galaxy format)...
2026-02-24 11:22:34 | INFO     | [cti_platform.backend.feeds.clearweb.base_feed] | dry_run:98 | [DRY RUN] Fetching (full) data from alienvault_otx...
2026-02-24 11:22:34 | INFO     | [cti_platform.backend.feeds.clearweb.base_feed] | dry_run:98 | [DRY RUN] Fetching (full) data from ransomware_live...
2026-02-24 11:22:35 | ERROR    | [cti_platform.backend.core.http_client] | fetch:81 | HTTP 404 Error | URL: https://otx.alienvault.com/api/v1/pulses/public
2026-02-24 11:22:35 | ERROR    | [cti_platform.backend.core.http_client] | fetch:86 | Network Error: https://otx.alienvault.com/api/v1/pulses/public | Error: 404 Client Error: Not Found for url: https://otx.alienvault.com/api/v1/pulses/public?modified_since=2026-02-17T11%3A22%3A34.675356&limit=100
2026-02-24 11:22:35 | ERROR    | [cti_platform.backend.feeds.clearweb.alienvault_otx] | fetch:79 | OTX Fetch failed: 404 Client Error: Not Found for url: https://otx.alienvault.com/api/v1/pulses/public?modified_since=2026-02-17T11%3A22%3A34.675356&limit=100
2026-02-24 11:22:35 | INFO     | [cti_platform.backend.feeds.clearweb.base_feed] | save_raw_data:74 | Saved raw data to C:\Users\HP\Desktop\CTI-Platform\data\raw\alienvault_otx\alienvault_otx_20260224_112235.json
2026-02-24 11:22:35 | INFO     | [cti_platform.backend.feeds.clearweb.base_feed] | dry_run:114 | [DRY RUN] ✓ alienvault_otx: Fetched 0 items and saved snapshot to C:\Users\HP\Desktop\CTI-Platform\data\raw\alienvault_otx\alienvault_otx_20260224_112235.json
2026-02-24 11:22:35 | INFO     | [cti_platform.backend.feeds.clearweb.cisa_kev] | fetch:45 | Successfully fetched KEV v2026.02.20 (1526 entries)
2026-02-24 11:22:35 | INFO     | [cti_platform.backend.feeds.clearweb.base_feed] | save_raw_data:74 | Saved raw data to C:\Users\HP\Desktop\CTI-Platform\data\raw\cisa_kev\cisa_kev_20260224_112235.json
2026-02-24 11:22:35 | INFO     | [cti_platform.backend.feeds.clearweb.base_feed] | dry_run:114 | [DRY RUN] ✓ cisa_kev: Fetched 1526 items and saved snapshot to C:\Users\HP\Desktop\CTI-Platform\data\raw\cisa_kev\cisa_kev_20260224_112235.json
2026-02-24 11:22:36 | INFO     | [cti_platform.backend.feeds.clearweb.ransomware_live] | fetch:57 | Fetched 321 groups entries
2026-02-24 11:22:38 | INFO     | [cti_platform.backend.feeds.clearweb.malpedia] | fetch:74 | Successfully scraped 3664 malware families.
2026-02-24 11:22:38 | INFO     | [cti_platform.backend.feeds.clearweb.ransomware_live] | fetch:57 | Fetched 100 victims entries
2026-02-24 11:22:38 | INFO     | [cti_platform.backend.feeds.clearweb.base_feed] | save_raw_data:74 | Saved raw data to C:\Users\HP\Desktop\CTI-Platform\data\raw\ransomware_live\ransomware_live_20260224_112238.json
2026-02-24 11:22:38 | INFO     | [cti_platform.backend.feeds.clearweb.base_feed] | dry_run:114 | [DRY RUN] ✓ ransomware_live: Fetched 421 items and saved snapshot to C:\Users\HP\Desktop\CTI-Platform\data\raw\ransomware_live\ransomware_live_20260224_112238.json
2026-02-24 11:22:38 | INFO     | [cti_platform.backend.feeds.clearweb.base_feed] | save_raw_data:74 | Saved raw data to C:\Users\HP\Desktop\CTI-Platform\data\raw\malpedia\malpedia_20260224_112238.json
2026-02-24 11:22:38 | INFO     | [cti_platform.backend.feeds.clearweb.base_feed] | dry_run:114 | [DRY RUN] ✓ malpedia: Fetched 3664 items and saved snapshot to C:\Users\HP\Desktop\CTI-Platform\data\raw\malpedia\malpedia_20260224_112238.json
2026-02-24 11:41:38 | INFO     | [cti_platform] | setup_logging:67 | Logging initialized. Audit trail: C:\Users\HP\Desktop\CTI-Platform\logs\cti_platform.log
2026-02-24 11:41:38 | INFO     | [cti_platform.backend.db.connection] | __init__:22 | Initialized database connection manager
2026-02-24 11:41:38 | INFO     | [cti_platform.backend.feeds.clearweb.base_feed] | __init__:36 | Initialized feed: ransomware_live at C:\Users\HP\Desktop\CTI-Platform\storage\raw\ransomware_live
2026-02-24 11:41:38 | INFO     | [cti_platform.backend.feeds.clearweb.base_feed] | __init__:36 | Initialized feed: cisa_kev at C:\Users\HP\Desktop\CTI-Platform\storage\raw\cisa_kev
2026-02-24 11:41:38 | INFO     | [cti_platform.backend.feeds.clearweb.base_feed] | dry_run:86 | [DRY RUN] Fetching data from ransomware_live...
2026-02-24 11:41:38 | INFO     | [cti_platform.backend.feeds.clearweb.base_feed] | dry_run:86 | [DRY RUN] Fetching data from cisa_kev...
2026-02-24 11:41:38 | INFO     | [cti_platform.backend.feeds.clearweb.base_feed] | __init__:36 | Initialized feed: malpedia at C:\Users\HP\Desktop\CTI-Platform\storage\raw\malpedia
2026-02-24 11:41:38 | INFO     | [cti_platform.backend.feeds.clearweb.base_feed] | __init__:36 | Initialized feed: alienvault_otx at C:\Users\HP\Desktop\CTI-Platform\storage\raw\alienvault_otx
2026-02-24 11:41:38 | INFO     | [cti_platform.backend.feeds.clearweb.base_feed] | dry_run:86 | [DRY RUN] Fetching data from malpedia...
2026-02-24 11:41:38 | INFO     | [cti_platform.backend.feeds.clearweb.base_feed] | dry_run:86 | [DRY RUN] Fetching data from alienvault_otx...
2026-02-24 11:41:38 | INFO     | [cti_platform.backend.feeds.clearweb.malpedia] | fetch:43 | Initiating bulk fetch from Malpedia (MISP Galaxy format)...
2026-02-24 11:41:39 | INFO     | [cti_platform.backend.feeds.clearweb.cisa_kev] | fetch:45 | Successfully fetched KEV v2026.02.20 (1526 entries)
2026-02-24 11:41:39 | INFO     | [cti_platform.backend.feeds.clearweb.base_feed] | save_raw_data:69 | Saved raw data to C:\Users\HP\Desktop\CTI-Platform\storage\raw\cisa_kev\cisa_kev_2026-02-24_11-41-39.json
2026-02-24 11:41:39 | ERROR    | [cti_platform.backend.core.http_client] | fetch:81 | HTTP 404 Error | URL: https://otx.alienvault.com/api/v1/pulses/public
2026-02-24 11:41:39 | ERROR    | [cti_platform.backend.core.http_client] | fetch:86 | Network Error: https://otx.alienvault.com/api/v1/pulses/public | Error: 404 Client Error: Not Found for url: https://otx.alienvault.com/api/v1/pulses/public?modified_since=2026-02-10T11%3A41%3A38&limit=100
2026-02-24 11:41:39 | ERROR    | [cti_platform.backend.feeds.clearweb.alienvault_otx] | fetch:57 | OTX Retrieval Error: 404 Client Error: Not Found for url: https://otx.alienvault.com/api/v1/pulses/public?modified_since=2026-02-10T11%3A41%3A38&limit=100
2026-02-24 11:41:39 | INFO     | [cti_platform.backend.feeds.clearweb.base_feed] | save_raw_data:69 | Saved raw data to C:\Users\HP\Desktop\CTI-Platform\storage\raw\alienvault_otx\alienvault_otx_2026-02-24_11-41-39.json
2026-02-24 11:41:40 | INFO     | [cti_platform.backend.feeds.clearweb.ransomware_live] | fetch:57 | Fetched 321 groups entries
2026-02-24 11:41:40 | INFO     | [cti_platform.backend.feeds.clearweb.malpedia] | fetch:74 | Successfully scraped 3664 malware families.
2026-02-24 11:41:40 | INFO     | [cti_platform.backend.feeds.clearweb.base_feed] | save_raw_data:69 | Saved raw data to C:\Users\HP\Desktop\CTI-Platform\storage\raw\malpedia\malpedia_2026-02-24_11-41-40.json
2026-02-24 11:41:42 | INFO     | [cti_platform.backend.feeds.clearweb.ransomware_live] | fetch:57 | Fetched 100 victims entries
2026-02-24 11:41:42 | INFO     | [cti_platform.backend.feeds.clearweb.base_feed] | save_raw_data:69 | Saved raw data to C:\Users\HP\Desktop\CTI-Platform\storage\raw\ransomware_live\ransomware_live_2026-02-24_11-41-42.json
2026-02-24 11:51:48 | INFO     | [cti_platform] | setup_logging:67 | Logging initialized. Audit trail: C:\Users\HP\Desktop\CTI-Platform\logs\cti_platform.log
2026-02-24 11:51:48 | INFO     | [cti_platform.backend.db.connection] | __init__:22 | Initialized database connection manager
2026-02-24 11:51:49 | INFO     | [cti_platform.backend.feeds.clearweb.base_feed] | __init__:36 | Initialized feed: alienvault_otx at C:\Users\HP\Desktop\CTI-Platform\storage\raw\alienvault_otx
2026-02-24 11:51:49 | INFO     | [cti_platform.backend.feeds.clearweb.base_feed] | dry_run:86 | [DRY RUN] Fetching data from alienvault_otx...
2026-02-24 11:51:49 | ERROR    | [cti_platform.backend.core.http_client] | fetch:81 | HTTP 404 Error | URL: https://otx.alienvault.com/api/v1/pulses/public
2026-02-24 11:51:49 | ERROR    | [cti_platform.backend.core.http_client] | fetch:86 | Network Error: https://otx.alienvault.com/api/v1/pulses/public | Error: 404 Client Error: Not Found for url: https://otx.alienvault.com/api/v1/pulses/public?limit=100&modified_since=2026-01-25T11%3A51%3A49
2026-02-24 11:51:49 | ERROR    | [cti_platform.backend.feeds.clearweb.alienvault_otx] | fetch:48 | Failed to fetch from https://otx.alienvault.com/api/v1/pulses/public: 404 Client Error: Not Found for url: https://otx.alienvault.com/api/v1/pulses/public?limit=100&modified_since=2026-01-25T11%3A51%3A49
2026-02-24 11:51:49 | INFO     | [cti_platform.backend.feeds.clearweb.base_feed] | save_raw_data:69 | Saved raw data to C:\Users\HP\Desktop\CTI-Platform\storage\raw\alienvault_otx\alienvault_otx_2026-02-24_11-51-49.json
2026-02-24 11:53:19 | INFO     | [cti_platform] | setup_logging:67 | Logging initialized. Audit trail: C:\Users\HP\Desktop\CTI-Platform\logs\cti_platform.log
2026-02-24 11:53:19 | INFO     | [cti_platform.backend.db.connection] | __init__:22 | Initialized database connection manager
2026-02-24 11:53:19 | INFO     | [cti_platform.backend.feeds.clearweb.alienvault_otx] | fetch:33 | Fetching OTX pulses from https://otx.alienvault.com/api/v1/pulses/subscribed since 2026-01-25T11:53:19
2026-02-24 11:53:20 | ERROR    | [cti_platform.backend.core.http_client] | fetch:81 | HTTP 403 Error | URL: https://otx.alienvault.com/api/v1/pulses/subscribed
2026-02-24 11:53:20 | ERROR    | [cti_platform.backend.core.http_client] | fetch:86 | Network Error: https://otx.alienvault.com/api/v1/pulses/subscribed | Error: 403 Client Error: Forbidden for url: https://otx.alienvault.com/api/v1/pulses/subscribed?limit=100&modified_since=2026-01-25T11%3A53%3A19
2026-02-24 11:53:20 | ERROR    | [cti_platform.backend.feeds.clearweb.alienvault_otx] | fetch:58 | OTX Fetch Critical Failure: 403 Client Error: Forbidden for url: https://otx.alienvault.com/api/v1/pulses/subscribed?limit=100&modified_since=2026-01-25T11%3A53%3A19
2026-02-24 11:53:20 | INFO     | [cti_platform.backend.feeds.clearweb.base_feed] | save_raw_data:53 | Saved raw data to C:\Users\HP\Desktop\CTI-Platform\storage\raw\alienvault_otx\2026-02-24_raw.json
2026-02-24 11:55:56 | INFO     | [cti_platform] | setup_logging:67 | Logging initialized. Audit trail: C:\Users\HP\Desktop\CTI-Platform\logs\cti_platform.log
2026-02-24 11:55:56 | INFO     | [cti_platform.backend.db.connection] | __init__:22 | Initialized database connection manager
2026-02-24 11:55:57 | INFO     | [cti_platform.backend.feeds.clearweb.alienvault_otx] | fetch:39 | Attempting OTX fetch: https://otx.alienvault.com/api/v1/pulses/subscribed
2026-02-24 11:55:57 | ERROR    | [cti_platform.backend.core.http_client] | fetch:81 | HTTP 403 Error | URL: https://otx.alienvault.com/api/v1/pulses/subscribed
2026-02-24 11:55:57 | ERROR    | [cti_platform.backend.core.http_client] | fetch:86 | Network Error: https://otx.alienvault.com/api/v1/pulses/subscribed | Error: 403 Client Error: Forbidden for url: https://otx.alienvault.com/api/v1/pulses/subscribed?limit=50&modified_since=2026-01-25T11%3A55%3A57
2026-02-24 11:55:57 | ERROR    | [cti_platform.backend.feeds.clearweb.alienvault_otx] | fetch:53 | Error fetching from https://otx.alienvault.com/api/v1/pulses/subscribed: 403 Client Error: Forbidden for url: https://otx.alienvault.com/api/v1/pulses/subscribed?limit=50&modified_since=2026-01-25T11%3A55%3A57
2026-02-24 11:55:57 | INFO     | [cti_platform.backend.feeds.clearweb.alienvault_otx] | fetch:39 | Attempting OTX fetch: https://otx.alienvault.com/api/v1/pulses/user/AlienVault/pulses
2026-02-24 11:56:00 | ERROR    | [cti_platform.backend.core.http_client] | fetch:81 | HTTP 404 Error | URL: https://otx.alienvault.com/api/v1/pulses/user/AlienVault/pulses
2026-02-24 11:56:00 | ERROR    | [cti_platform.backend.core.http_client] | fetch:86 | Network Error: https://otx.alienvault.com/api/v1/pulses/user/AlienVault/pulses | Error: 404 Client Error: Not Found for url: https://otx.alienvault.com/api/v1/pulses/user/AlienVault/pulses?limit=50&modified_since=2026-01-25T11%3A55%3A57
2026-02-24 11:56:00 | ERROR    | [cti_platform.backend.feeds.clearweb.alienvault_otx] | fetch:53 | Error fetching from https://otx.alienvault.com/api/v1/pulses/user/AlienVault/pulses: 404 Client Error: Not Found for url: https://otx.alienvault.com/api/v1/pulses/user/AlienVault/pulses?limit=50&modified_since=2026-01-25T11%3A55%3A57
2026-02-24 11:56:00 | ERROR    | [cti_platform.backend.feeds.clearweb.alienvault_otx] | validate:65 | Validation Failed: No pulses found in data.
2026-02-24 12:04:08 | INFO     | [cti_platform] | setup_logging:67 | Logging initialized. Audit trail: C:\Users\HP\Desktop\CTI-Platform\logs\cti_platform.log
2026-02-24 12:04:08 | INFO     | [cti_platform.backend.db.connection] | __init__:22 | Initialized database connection manager
2026-02-24 12:04:10 | WARNING  | [cti_platform.backend.feeds.clearweb.alienvault_otx] | __init__:24 | No OTX_API_KEY found. Feed will operate in public-only mode.
2026-02-24 12:04:10 | INFO     | [cti_platform.backend.feeds.clearweb.alienvault_otx] | fetch:44 | Attempting OTX fetch: https://otx.alienvault.com/api/v1/pulses/user/AlienVault
2026-02-24 12:04:11 | ERROR    | [cti_platform.backend.core.http_client] | fetch:81 | HTTP 403 Error | URL: https://otx.alienvault.com/api/v1/pulses/user/AlienVault
2026-02-24 12:04:11 | ERROR    | [cti_platform.backend.core.http_client] | fetch:86 | Network Error: https://otx.alienvault.com/api/v1/pulses/user/AlienVault | Error: 403 Client Error: Forbidden for url: https://otx.alienvault.com/api/v1/pulses/user/AlienVault?limit=100&modified_since=2026-01-25T12%3A04%3A10
2026-02-24 12:04:11 | ERROR    | [cti_platform.backend.feeds.clearweb.alienvault_otx] | fetch:65 | Error fetching from https://otx.alienvault.com/api/v1/pulses/user/AlienVault: 403 Client Error: Forbidden for url: https://otx.alienvault.com/api/v1/pulses/user/AlienVault?limit=100&modified_since=2026-01-25T12%3A04%3A10
2026-02-24 12:04:11 | ERROR    | [cti_platform.backend.feeds.clearweb.alienvault_otx] | validate:76 | Validation Failed: No pulses found in data.
2026-02-24 12:05:36 | INFO     | [cti_platform] | setup_logging:67 | Logging initialized. Audit trail: C:\Users\HP\Desktop\CTI-Platform\logs\cti_platform.log
2026-02-24 12:05:36 | INFO     | [cti_platform.backend.db.connection] | __init__:22 | Initialized database connection manager
2026-02-24 12:05:37 | WARNING  | [cti_platform.backend.feeds.clearweb.alienvault_otx] | __init__:29 | OTX Feed: No API Key found, using unauthenticated access.
2026-02-24 12:05:37 | INFO     | [cti_platform.backend.feeds.clearweb.alienvault_otx] | fetch:45 | Attempting OTX fetch: https://otx.alienvault.com/api/v1/pulses/user/AlienVault
2026-02-24 12:05:38 | ERROR    | [cti_platform.backend.core.http_client] | fetch:81 | HTTP 403 Error | URL: https://otx.alienvault.com/api/v1/pulses/user/AlienVault
2026-02-24 12:05:38 | ERROR    | [cti_platform.backend.core.http_client] | fetch:86 | Network Error: https://otx.alienvault.com/api/v1/pulses/user/AlienVault | Error: 403 Client Error: Forbidden for url: https://otx.alienvault.com/api/v1/pulses/user/AlienVault?limit=100&modified_since=2026-02-10T12%3A05%3A37
2026-02-24 12:05:38 | ERROR    | [cti_platform.backend.feeds.clearweb.alienvault_otx] | fetch:64 | OTX Fetch Error: 403 Client Error: Forbidden for url: https://otx.alienvault.com/api/v1/pulses/user/AlienVault?limit=100&modified_since=2026-02-10T12%3A05%3A37
2026-02-24 12:05:38 | ERROR    | [cti_platform.backend.feeds.clearweb.alienvault_otx] | validate:75 | Validation Failed: No pulses found.
2026-02-24 12:10:50 | INFO     | [cti_platform] | setup_logging:67 | Logging initialized. Audit trail: C:\Users\HP\Desktop\CTI-Platform\logs\cti_platform.log
2026-02-24 12:10:50 | INFO     | [cti_platform.backend.db.connection] | __init__:22 | Initialized database connection manager
2026-02-24 12:10:50 | WARNING  | [cti_platform.backend.feeds.clearweb.alienvault_otx] | __init__:29 | OTX Feed: No API Key found, using unauthenticated access.
2026-02-24 12:10:50 | INFO     | [cti_platform.backend.feeds.clearweb.alienvault_otx] | fetch:45 | Attempting OTX fetch: https://otx.alienvault.com/api/v1/pulses/user/AlienVault
2026-02-24 12:10:51 | ERROR    | [cti_platform.backend.core.http_client] | fetch:81 | HTTP 403 Error | URL: https://otx.alienvault.com/api/v1/pulses/user/AlienVault
2026-02-24 12:10:51 | ERROR    | [cti_platform.backend.core.http_client] | fetch:86 | Network Error: https://otx.alienvault.com/api/v1/pulses/user/AlienVault | Error: 403 Client Error: Forbidden for url: https://otx.alienvault.com/api/v1/pulses/user/AlienVault?limit=100&modified_since=2026-02-10T12%3A10%3A50
2026-02-24 12:10:51 | ERROR    | [cti_platform.backend.feeds.clearweb.alienvault_otx] | fetch:64 | OTX Fetch Error: 403 Client Error: Forbidden for url: https://otx.alienvault.com/api/v1/pulses/user/AlienVault?limit=100&modified_since=2026-02-10T12%3A10%3A50
2026-02-24 12:10:51 | ERROR    | [cti_platform.backend.feeds.clearweb.alienvault_otx] | validate:75 | Validation Failed: No pulses found.
2026-02-24 12:11:31 | INFO     | [cti_platform] | setup_logging:67 | Logging initialized. Audit trail: C:\Users\HP\Desktop\CTI-Platform\logs\cti_platform.log
2026-02-24 12:11:31 | INFO     | [cti_platform.backend.db.connection] | __init__:22 | Initialized database connection manager
2026-02-24 12:11:31 | WARNING  | [cti_platform.backend.feeds.clearweb.alienvault_otx] | __init__:29 | OTX Feed: No API Key found, using unauthenticated access.
2026-02-24 12:11:31 | INFO     | [cti_platform.backend.feeds.clearweb.alienvault_otx] | fetch:45 | Attempting OTX fetch: https://otx.alienvault.com/api/v1/pulses/user/AlienVault
2026-02-24 12:11:32 | ERROR    | [cti_platform.backend.core.http_client] | fetch:81 | HTTP 403 Error | URL: https://otx.alienvault.com/api/v1/pulses/user/AlienVault
2026-02-24 12:11:32 | ERROR    | [cti_platform.backend.core.http_client] | fetch:86 | Network Error: https://otx.alienvault.com/api/v1/pulses/user/AlienVault | Error: 403 Client Error: Forbidden for url: https://otx.alienvault.com/api/v1/pulses/user/AlienVault?limit=100&modified_since=2026-02-10T12%3A11%3A31
2026-02-24 12:11:32 | ERROR    | [cti_platform.backend.feeds.clearweb.alienvault_otx] | fetch:64 | OTX Fetch Error: 403 Client Error: Forbidden for url: https://otx.alienvault.com/api/v1/pulses/user/AlienVault?limit=100&modified_since=2026-02-10T12%3A11%3A31
2026-02-24 12:11:32 | ERROR    | [cti_platform.backend.feeds.clearweb.alienvault_otx] | validate:75 | Validation Failed: No pulses found.
2026-02-24 12:13:59 | INFO     | [cti_platform] | setup_logging:67 | Logging initialized. Audit trail: C:\Users\HP\Desktop\CTI-Platform\logs\cti_platform.log
2026-02-24 12:13:59 | INFO     | [cti_platform.backend.db.connection] | __init__:22 | Initialized database connection manager
2026-02-24 12:13:59 | WARNING  | [cti_platform.backend.feeds.clearweb.alienvault_otx] | __init__:29 | OTX Feed: No API Key found, using unauthenticated access.
2026-02-24 12:13:59 | INFO     | [cti_platform.backend.feeds.clearweb.alienvault_otx] | fetch:45 | Attempting OTX fetch: https://otx.alienvault.com/pulses/user/AlienVault
2026-02-24 12:14:00 | ERROR    | [cti_platform.backend.feeds.clearweb.alienvault_otx] | fetch:64 | OTX Fetch Error: Expecting value: line 1 column 1 (char 0)
2026-02-24 12:14:00 | ERROR    | [cti_platform.backend.feeds.clearweb.alienvault_otx] | validate:75 | Validation Failed: No pulses found.
2026-02-24 12:17:16 | INFO     | [cti_platform] | setup_logging:67 | Logging initialized. Audit trail: C:\Users\HP\Desktop\CTI-Platform\logs\cti_platform.log
2026-02-24 12:17:16 | INFO     | [cti_platform.backend.db.connection] | __init__:22 | Initialized database connection manager
2026-02-24 12:17:17 | WARNING  | [cti_platform.backend.feeds.clearweb.alienvault_otx] | __init__:26 | No OTX_API_KEY found in .env. Falling back to public mode.
2026-02-24 12:17:17 | INFO     | [cti_platform.backend.feeds.clearweb.alienvault_otx] | fetch:44 | Attempting clean public fetch from AlienVault user...
2026-02-24 12:17:26 | INFO     | [cti_platform] | setup_logging:67 | Logging initialized. Audit trail: C:\Users\HP\Desktop\CTI-Platform\logs\cti_platform.log
2026-02-24 12:17:26 | INFO     | [cti_platform.backend.db.connection] | __init__:22 | Initialized database connection manager
2026-02-24 12:17:27 | WARNING  | [cti_platform.backend.feeds.clearweb.alienvault_otx] | __init__:26 | No OTX_API_KEY found in .env. Falling back to public mode.
2026-02-24 12:17:27 | INFO     | [cti_platform.backend.feeds.clearweb.alienvault_otx] | fetch:44 | Attempting clean public fetch from AlienVault user...
2026-02-24 12:37:41 | INFO     | [cti_platform] | setup_logging:67 | Logging initialized. Audit trail: C:\Users\HP\Desktop\CTI-Platform\logs\cti_platform.log
2026-02-24 12:37:41 | INFO     | [cti_platform.backend.db.connection] | __init__:22 | Initialized database connection manager
2026-02-24 12:37:41 | WARNING  | [cti_platform.backend.feeds.clearweb.alienvault_otx] | __init__:39 | No valid OTX_API_KEY found. OTX feed will fail validation.
2026-02-24 12:37:41 | ERROR    | [cti_platform.backend.feeds.clearweb.alienvault_otx] | fetch:45 | OTX API key is required for subscribed pulses endpoint.
2026-02-24 12:42:54 | INFO     | [cti_platform] | setup_logging:67 | Logging initialized. Audit trail: C:\Users\HP\Desktop\CTI-Platform\logs\cti_platform.log
2026-02-24 12:42:54 | INFO     | [cti_platform.backend.db.connection] | __init__:22 | Initialized database connection manager
2026-02-24 12:43:17 | INFO     | [cti_platform] | setup_logging:67 | Logging initialized. Audit trail: C:\Users\HP\Desktop\CTI-Platform\logs\cti_platform.log
2026-02-24 12:43:17 | INFO     | [cti_platform.backend.db.connection] | __init__:22 | Initialized database connection manager
2026-02-24 12:43:18 | WARNING  | [cti_platform.backend.feeds.clearweb.alienvault_otx] | __init__:39 | No valid OTX_API_KEY found. OTX feed will fail validation.
2026-02-24 12:43:18 | ERROR    | [cti_platform.backend.feeds.clearweb.alienvault_otx] | fetch:45 | OTX API key is required for subscribed pulses endpoint.
2026-02-24 12:50:03 | INFO     | [cti_platform] | setup_logging:67 | Logging initialized. Audit trail: C:\Users\HP\Desktop\CTI-Platform\logs\cti_platform.log
2026-02-24 12:50:03 | INFO     | [cti_platform.backend.db.connection] | __init__:22 | Initialized database connection manager
2026-02-24 12:50:44 | INFO     | [cti_platform] | setup_logging:67 | Logging initialized. Audit trail: C:\Users\HP\Desktop\CTI-Platform\logs\cti_platform.log
2026-02-24 12:50:44 | INFO     | [cti_platform.backend.db.connection] | __init__:22 | Initialized database connection manager
2026-02-24 12:50:45 | INFO     | [cti_platform.backend.feeds.clearweb.alienvault_otx] | __init__:37 | OTX API key detected and loaded.
2026-02-24 12:50:45 | ERROR    | [cti_platform.backend.core.http_client] | fetch:81 | HTTP 403 Error | URL: https://otx.alienvault.com/api/v1/pulses/subscribed
2026-02-24 12:50:45 | ERROR    | [cti_platform.backend.core.http_client] | fetch:86 | Network Error: https://otx.alienvault.com/api/v1/pulses/subscribed | Error: 403 Client Error: Forbidden for url: https://otx.alienvault.com/api/v1/pulses/subscribed?limit=50
2026-02-24 12:50:45 | ERROR    | [cti_platform.backend.feeds.clearweb.alienvault_otx] | fetch:63 | OTX fetch failed: 403 Client Error: Forbidden for url: https://otx.alienvault.com/api/v1/pulses/subscribed?limit=50
2026-02-24 13:01:31 | INFO     | [cti_platform] | setup_logging:67 | Logging initialized. Audit trail: C:\Users\HP\Desktop\CTI-Platform\logs\cti_platform.log
2026-02-24 13:01:31 | INFO     | [cti_platform.backend.db.connection] | __init__:22 | Initialized database connection manager
2026-02-24 13:01:32 | INFO     | [cti_platform.backend.feeds.clearweb.alienvault_otx] | __init__:34 | OTX API key detected and loaded.
2026-02-24 13:01:35 | ERROR    | [cti_platform.backend.core.http_client] | fetch:81 | HTTP 403 Error | URL: https://otx.alienvault.com/api/v1/users/me
2026-02-24 13:01:35 | ERROR    | [cti_platform.backend.core.http_client] | fetch:86 | Network Error: https://otx.alienvault.com/api/v1/users/me | Error: 403 Client Error: Forbidden for url: https://otx.alienvault.com/api/v1/users/me
2026-02-24 13:01:35 | ERROR    | [cti_platform.backend.feeds.clearweb.alienvault_otx] | _verify_api_key:128 | OTX key verification error: 403 Client Error: Forbidden for url: https://otx.alienvault.com/api/v1/users/me
2026-02-24 13:01:35 | ERROR    | [cti_platform.backend.feeds.clearweb.alienvault_otx] | fetch:54 | OTX API key verification failed (403).
2026-02-24 13:03:47 | INFO     | [cti_platform] | setup_logging:67 | Logging initialized. Audit trail: C:\Users\HP\Desktop\CTI-Platform\logs\cti_platform.log
2026-02-24 13:03:47 | INFO     | [cti_platform.backend.db.connection] | __init__:22 | Initialized database connection manager
2026-02-24 13:03:47 | INFO     | [cti_platform.backend.feeds.clearweb.alienvault_otx] | __init__:34 | OTX API key detected and loaded.
2026-02-24 13:03:48 | ERROR    | [cti_platform.backend.core.http_client] | fetch:81 | HTTP 403 Error | URL: https://otx.alienvault.com/api/v1/users/me
2026-02-24 13:03:48 | ERROR    | [cti_platform.backend.core.http_client] | fetch:86 | Network Error: https://otx.alienvault.com/api/v1/users/me | Error: 403 Client Error: Forbidden for url: https://otx.alienvault.com/api/v1/users/me
2026-02-24 13:03:48 | ERROR    | [cti_platform.backend.feeds.clearweb.alienvault_otx] | _verify_api_key:128 | OTX key verification error: 403 Client Error: Forbidden for url: https://otx.alienvault.com/api/v1/users/me
2026-02-24 13:03:48 | ERROR    | [cti_platform.backend.feeds.clearweb.alienvault_otx] | fetch:54 | OTX API key verification failed (403).
2026-02-24 13:14:25 | INFO     | [cti_platform] | setup_logging:67 | Logging initialized. Audit trail: C:\Users\HP\Desktop\CTI-Platform\logs\cti_platform.log
2026-02-24 13:14:25 | INFO     | [cti_platform.backend.db.connection] | __init__:22 | Initialized database connection manager
2026-02-24 13:14:25 | INFO     | [cti_platform.backend.feeds.clearweb.alienvault_otx] | __init__:34 | OTX API key detected and loaded.
2026-02-24 13:14:25 | INFO     | [cti_platform.backend.feeds.clearweb.alienvault_otx] | _verify_api_key:121 | OTX API key verification successful.
2026-02-24 13:14:29 | INFO     | [cti_platform.backend.feeds.clearweb.alienvault_otx] | fetch:64 | Fetching pulses from user: sirajqureshi
2026-02-24 13:14:32 | INFO     | [cti_platform.backend.feeds.clearweb.alienvault_otx] | fetch:95 | Total pulses fetched: 0
2026-02-24 13:24:01 | INFO     | [cti_platform] | setup_logging:67 | Logging initialized. Audit trail: C:\Users\HP\Desktop\CTI-Platform\logs\cti_platform.log
2026-02-24 13:24:01 | INFO     | [cti_platform.backend.db.connection] | __init__:22 | Initialized database connection manager
2026-02-24 13:26:53 | INFO     | [cti_platform] | setup_logging:67 | Logging initialized. Audit trail: C:\Users\HP\Desktop\CTI-Platform\logs\cti_platform.log
2026-02-24 13:26:53 | INFO     | [cti_platform.backend.db.connection] | __init__:22 | Initialized database connection manager
2026-02-24 13:28:10 | INFO     | [cti_platform] | setup_logging:67 | Logging initialized. Audit trail: C:\Users\HP\Desktop\CTI-Platform\logs\cti_platform.log
2026-02-24 13:28:10 | INFO     | [cti_platform.backend.db.connection] | __init__:22 | Initialized database connection manager
2026-02-24 14:24:22 | INFO     | [cti_platform] | setup_logging:67 | Logging initialized. Audit trail: C:\Users\HP\Desktop\CTI-Platform\logs\cti_platform.log
2026-02-24 14:24:22 | INFO     | [cti_platform.backend.db.connection] | __init__:22 | Initialized database connection manager
2026-02-24 14:28:48 | INFO     | [cti_platform] | setup_logging:67 | Logging initialized. Audit trail: C:\Users\HP\Desktop\CTI-Platform\logs\cti_platform.log
2026-02-24 14:28:48 | INFO     | [cti_platform.backend.db.connection] | __init__:22 | Initialized database connection manager
2026-02-24 14:29:37 | INFO     | [cti_platform] | setup_logging:67 | Logging initialized. Audit trail: C:\Users\HP\Desktop\CTI-Platform\logs\cti_platform.log
2026-02-24 14:29:37 | INFO     | [cti_platform.backend.db.connection] | __init__:22 | Initialized database connection manager
2026-02-24 14:30:20 | INFO     | [cti_platform] | setup_logging:67 | Logging initialized. Audit trail: C:\Users\HP\Desktop\CTI-Platform\logs\cti_platform.log
2026-02-24 14:30:20 | INFO     | [cti_platform.backend.db.connection] | __init__:22 | Initialized database connection manager
2026-02-24 14:30:21 | INFO     | [cti_platform.backend.parser.base_parser] | __init__:35 | Initialized parser: alienvault_otx
2026-02-24 14:30:21 | INFO     | [cti_platform.backend.parser.alienvault_otx_parser] | parse:60 | Parsed 0 indicators from OTX pulses.
2026-02-24 14:30:21 | INFO     | [cti_platform.backend.parser.alienvault_otx_parser] | parse:60 | Parsed 0 indicators from OTX pulses.
2026-02-24 14:30:21 | INFO     | [cti_platform.backend.parser.alienvault_otx_parser] | parse:60 | Parsed 0 indicators from OTX pulses.
2026-02-24 14:58:14 | INFO     | [cti_platform] | setup_logging:67 | Logging initialized. Audit trail: C:\Users\HP\Desktop\CTI-Platform\logs\cti_platform.log
2026-02-24 14:58:14 | INFO     | [cti_platform.backend.db.connection] | __init__:22 | Initialized database connection manager
2026-02-24 14:58:15 | INFO     | [cti_platform.backend.parser.base_parser] | __init__:35 | Initialized parser: alienvault_otx
2026-02-24 14:58:15 | INFO     | [cti_platform.backend.parser.alienvault_otx_parser] | parse:60 | Parsed 0 indicators from OTX pulses.
2026-02-24 14:58:15 | INFO     | [cti_platform.backend.parser.alienvault_otx_parser] | parse:60 | Parsed 0 indicators from OTX pulses.
2026-02-24 14:58:15 | INFO     | [cti_platform.backend.parser.alienvault_otx_parser] | parse:60 | Parsed 0 indicators from OTX pulses.
2026-02-24 14:58:15 | INFO     | [cti_platform.backend.parser.base_parser] | __init__:35 | Initialized parser: cisa_kev
2026-02-24 14:58:15 | INFO     | [cti_platform.backend.parser.cisa_kev_parser] | parse:74 | Parsed 1526 vulnerabilities from CISA KEV.
2026-02-24 14:58:15 | INFO     | [cti_platform.backend.parser.base_parser] | __init__:35 | Initialized parser: malpedia
2026-02-24 14:58:15 | INFO     | [cti_platform.backend.parser.malpedia_parser] | parse:75 | Parsed 0 items from Malpedia.
2026-02-24 14:58:15 | INFO     | [cti_platform.backend.parser.malpedia_parser] | parse:75 | Parsed 0 items from Malpedia.
2026-02-24 14:58:15 | INFO     | [cti_platform.backend.parser.malpedia_parser] | parse:75 | Parsed 0 items from Malpedia.
2026-02-24 14:58:15 | INFO     | [cti_platform.backend.parser.malpedia_parser] | parse:75 | Parsed 28998 items from Malpedia.
2026-02-24 14:58:16 | INFO     | [cti_platform.backend.parser.base_parser] | __init__:35 | Initialized parser: ransomware
2026-02-24 14:58:16 | WARNING  | [cti_platform.backend.parser.ransomware_parser] | parse:66 | No victims found in Ransomware raw data.
2026-02-24 14:58:16 | WARNING  | [cti_platform.backend.parser.ransomware_parser] | parse:66 | No victims found in Ransomware raw data.
2026-02-24 14:58:16 | WARNING  | [cti_platform.backend.parser.ransomware_parser] | parse:66 | No victims found in Ransomware raw data.
2026-02-24 14:58:16 | INFO     | [cti_platform.backend.parser.ransomware_parser] | parse:111 | Parsed 100 ransomware victims.
2026-02-24 15:32:49 | INFO     | [cti_platform] | setup_logging:67 | Logging initialized. Audit trail: C:\Users\HP\Desktop\CTI-Platform\logs\cti_platform.log
2026-02-24 15:32:49 | INFO     | [cti_platform.backend.db.connection] | __init__:22 | Initialized database connection manager
